[{"model": "auth.permission", "pk": 1, "fields": {"name": "Can add log entry", "content_type": 1, "codename": "add_logentry"}}, {"model": "auth.permission", "pk": 2, "fields": {"name": "Can change log entry", "content_type": 1, "codename": "change_logentry"}}, {"model": "auth.permission", "pk": 3, "fields": {"name": "Can delete log entry", "content_type": 1, "codename": "delete_logentry"}}, {"model": "auth.permission", "pk": 4, "fields": {"name": "Can view log entry", "content_type": 1, "codename": "view_logentry"}}, {"model": "auth.permission", "pk": 5, "fields": {"name": "Can add permission", "content_type": 2, "codename": "add_permission"}}, {"model": "auth.permission", "pk": 6, "fields": {"name": "Can change permission", "content_type": 2, "codename": "change_permission"}}, {"model": "auth.permission", "pk": 7, "fields": {"name": "Can delete permission", "content_type": 2, "codename": "delete_permission"}}, {"model": "auth.permission", "pk": 8, "fields": {"name": "Can view permission", "content_type": 2, "codename": "view_permission"}}, {"model": "auth.permission", "pk": 9, "fields": {"name": "Can add group", "content_type": 3, "codename": "add_group"}}, {"model": "auth.permission", "pk": 10, "fields": {"name": "Can change group", "content_type": 3, "codename": "change_group"}}, {"model": "auth.permission", "pk": 11, "fields": {"name": "Can delete group", "content_type": 3, "codename": "delete_group"}}, {"model": "auth.permission", "pk": 12, "fields": {"name": "Can view group", "content_type": 3, "codename": "view_group"}}, {"model": "auth.permission", "pk": 13, "fields": {"name": "Can add content type", "content_type": 4, "codename": "add_contenttype"}}, {"model": "auth.permission", "pk": 14, "fields": {"name": "Can change content type", "content_type": 4, "codename": "change_contenttype"}}, {"model": "auth.permission", "pk": 15, "fields": {"name": "Can delete content type", "content_type": 4, "codename": "delete_contenttype"}}, {"model": "auth.permission", "pk": 16, "fields": {"name": "Can view content type", "content_type": 4, "codename": "view_contenttype"}}, {"model": "auth.permission", "pk": 17, "fields": {"name": "Can add session", "content_type": 5, "codename": "add_session"}}, {"model": "auth.permission", "pk": 18, "fields": {"name": "Can change session", "content_type": 5, "codename": "change_session"}}, {"model": "auth.permission", "pk": 19, "fields": {"name": "Can delete session", "content_type": 5, "codename": "delete_session"}}, {"model": "auth.permission", "pk": 20, "fields": {"name": "Can view session", "content_type": 5, "codename": "view_session"}}, {"model": "auth.permission", "pk": 21, "fields": {"name": "Can add aviso", "content_type": 6, "codename": "add_aviso"}}, {"model": "auth.permission", "pk": 22, "fields": {"name": "Can change aviso", "content_type": 6, "codename": "change_aviso"}}, {"model": "auth.permission", "pk": 23, "fields": {"name": "Can delete aviso", "content_type": 6, "codename": "delete_aviso"}}, {"model": "auth.permission", "pk": 24, "fields": {"name": "Can view aviso", "content_type": 6, "codename": "view_aviso"}}, {"model": "auth.permission", "pk": 25, "fields": {"name": "Can add evento", "content_type": 7, "codename": "add_evento"}}, {"model": "auth.permission", "pk": 26, "fields": {"name": "Can change evento", "content_type": 7, "codename": "change_evento"}}, {"model": "auth.permission", "pk": 27, "fields": {"name": "Can delete evento", "content_type": 7, "codename": "delete_evento"}}, {"model": "auth.permission", "pk": 28, "fields": {"name": "Can view evento", "content_type": 7, "codename": "view_evento"}}, {"model": "auth.permission", "pk": 29, "fields": {"name": "Can add frequência", "content_type": 8, "codename": "add_frequencia"}}, {"model": "auth.permission", "pk": 30, "fields": {"name": "Can change frequência", "content_type": 8, "codename": "change_frequencia"}}, {"model": "auth.permission", "pk": 31, "fields": {"name": "Can delete frequência", "content_type": 8, "codename": "delete_frequencia"}}, {"model": "auth.permission", "pk": 32, "fields": {"name": "Can view frequência", "content_type": 8, "codename": "view_frequencia"}}, {"model": "auth.permission", "pk": 33, "fields": {"name": "Can add instituição", "content_type": 9, "codename": "add_instituicao"}}, {"model": "auth.permission", "pk": 34, "fields": {"name": "Can change instituição", "content_type": 9, "codename": "change_instituicao"}}, {"model": "auth.permission", "pk": 35, "fields": {"name": "Can delete instituição", "content_type": 9, "codename": "delete_instituicao"}}, {"model": "auth.permission", "pk": 36, "fields": {"name": "Can view instituição", "content_type": 9, "codename": "view_instituicao"}}, {"model": "auth.permission", "pk": 37, "fields": {"name": "Can add inscrição", "content_type": 10, "codename": "add_inscricao"}}, {"model": "auth.permission", "pk": 38, "fields": {"name": "Can change inscrição", "content_type": 10, "codename": "change_inscricao"}}, {"model": "auth.permission", "pk": 39, "fields": {"name": "Can delete inscrição", "content_type": 10, "codename": "delete_inscricao"}}, {"model": "auth.permission", "pk": 40, "fields": {"name": "Can view inscrição", "content_type": 10, "codename": "view_inscricao"}}, {"model": "auth.permission", "pk": 41, "fields": {"name": "Can add Descrição", "content_type": 11, "codename": "add_tipoevento"}}, {"model": "auth.permission", "pk": 42, "fields": {"name": "Can change Descrição", "content_type": 11, "codename": "change_tipoevento"}}, {"model": "auth.permission", "pk": 43, "fields": {"name": "Can delete Descrição", "content_type": 11, "codename": "delete_tipoevento"}}, {"model": "auth.permission", "pk": 44, "fields": {"name": "Can view Descrição", "content_type": 11, "codename": "view_tipoevento"}}, {"model": "auth.permission", "pk": 45, "fields": {"name": "Can add usuário", "content_type": 12, "codename": "add_usuario"}}, {"model": "auth.permission", "pk": 46, "fields": {"name": "Can change usuário", "content_type": 12, "codename": "change_usuario"}}, {"model": "auth.permission", "pk": 47, "fields": {"name": "Can delete usuário", "content_type": 12, "codename": "delete_usuario"}}, {"model": "auth.permission", "pk": 48, "fields": {"name": "Can view usuário", "content_type": 12, "codename": "view_usuario"}}, {"model": "auth.permission", "pk": 49, "fields": {"name": "Can add atestado", "content_type": 13, "codename": "add_atestadomanual"}}, {"model": "auth.permission", "pk": 50, "fields": {"name": "Can change atestado", "content_type": 13, "codename": "change_atestadomanual"}}, {"model": "auth.permission", "pk": 51, "fields": {"name": "Can delete atestado", "content_type": 13, "codename": "delete_atestadomanual"}}, {"model": "auth.permission", "pk": 52, "fields": {"name": "Can view atestado", "content_type": 13, "codename": "view_atestadomanual"}}, {"model": "contenttypes.contenttype", "pk": 1, "fields": {"app_label": "admin", "model": "logentry"}}, {"model": "contenttypes.contenttype", "pk": 2, "fields": {"app_label": "auth", "model": "permission"}}, {"model": "contenttypes.contenttype", "pk": 3, "fields": {"app_label": "auth", "model": "group"}}, {"model": "contenttypes.contenttype", "pk": 4, "fields": {"app_label": "contenttypes", "model": "contenttype"}}, {"model": "contenttypes.contenttype", "pk": 5, "fields": {"app_label": "sessions", "model": "session"}}, {"model": "contenttypes.contenttype", "pk": 6, "fields": {"app_label": "aviso", "model": "aviso"}}, {"model": "contenttypes.contenttype", "pk": 7, "fields": {"app_label": "evento", "model": "evento"}}, {"model": "contenttypes.contenttype", "pk": 8, "fields": {"app_label": "frequencia", "model": "frequencia"}}, {"model": "contenttypes.contenttype", "pk": 9, "fields": {"app_label": "instituicao", "model": "instituicao"}}, {"model": "contenttypes.contenttype", "pk": 10, "fields": {"app_label": "inscricao", "model": "inscricao"}}, {"model": "contenttypes.contenttype", "pk": 11, "fields": {"app_label": "tipo_evento", "model": "tipoevento"}}, {"model": "contenttypes.contenttype", "pk": 12, "fields": {"app_label": "usuario", "model": "usuario"}}, {"model": "contenttypes.contenttype", "pk": 13, "fields": {"app_label": "atestado_manual", "model": "atestadomanual"}}, {"model": "sessions.session", "pk": "00zxcluosa7od8w4p0wekoj1y7ptdwxc", "fields": {"session_data": ".eJxVjDsOwyAQBe9CHSEEyy9l-pwBAbsEJxFIxq6s3D225CJpZ-a9jYW4LjWsg-YwIbsycOzyC1PML2qHwWdsj85zb8s8JX4k_LSD3zvS-3a2fwc1jrqvoxOgvVXF24RSlWKUK1YAgNAksiSldIo78QY8KV8ArcEiBVJOaD37fAH1ETf5:1ugNLx:0SpI_k3S3DrpUcIfV5em1Ql7SA7Wsl6JxiEbXG5ohhc", "expire_date": "2025-07-29T09:53:17.496"}}, {"model": "sessions.session", "pk": "04dgbz4r0a3wo364bbprejmrsv56835a", "fields": {"session_data": ".eJxVjEEOgjAQRe_StWlKy5TRpXvOQGY6U4saSCisjHdXEha6_e-9_zIDbWsZtqrLMIq5GEBz-h2Z0kOnncidptts0zyty8h2V-xBq-1n0ef1cP8OCtXyrV0-g1OmKNgE8igxRB9YOGb02AWnsYUWsPGMzmUFztA1KasAduqjeX8A_UQ3uA:1ugiCf:yyxMRYIx8RRA3FHNKQLDKiWyPU__iRAw9FUovwEJXA4", "expire_date": "2025-07-30T08:09:05.722"}}, {"model": "sessions.session", "pk": "0ofaoigj1jzfkutwuln88h0nhtvvi8zj", "fields": {"session_data": ".eJxVjMsOwiAQRf-FtSGUMlNw6d5vaIZhkKqBpI-V8d-1SRe6veec-1IjbWsZt0XmcUrqrCCo0-8YiR9Sd5LuVG9Nc6vrPEW9K_qgi762JM_L4f4dFFrKt0b0PXiK2GcQctgZ4wFdZ8EGkzka57jrWYZkswksDlmCYRgCeiGw6v0B5Qk3VA:1ugiyu:5shDCK-pUIxbu49EL5h8-aEhBMJE7lif6p7kAWRrGXc", "expire_date": "2025-07-30T08:58:56.380"}}, {"model": "sessions.session", "pk": "1ep41j6z00hygbi7c26u0h4uk02kic7d", "fields": {"session_data": ".eJxVjDsOwjAQBe_iGlng9ZeSnjNY6_UaB5AtxUmFuDtESgHtm5n3EhHXpcZ18BynLM4Cgjj8jgnpwW0j-Y7t1iX1tsxTkpsidzrktWd-Xnb376DiqN-6sDfZgFIOyGNxxKfg0XrHyhJqcAlQsQ-F0Rw5FLClZCLPoEPWWon3Bx7wOL8:1ugLyZ:hKzZF4qelujOHBvW9bQgoSgfiz0VKDMsunyQbPhK4-k", "expire_date": "2025-07-29T08:25:03.406"}}, {"model": "sessions.session", "pk": "1ipluejg8ehj858kn4zv0mly0pihzku5", "fields": {"session_data": ".eJxVjEEOwiAQRe_C2hDKTAO4dO8ZyAwDUjU0Ke3KeHdt0oVu_3vvv1Skba1x63mJk6izsur0uzGlR247kDu126zT3NZlYr0r-qBdX2fJz8vh_h1U6vVbk0AAZI8-G4tFxIXisytoPVpwzsGYPScqwZQABSWw4WFMCGlgRFDvD-BfN7k:1uhG1E:eFODP1-47SdcKeA_P7MklOG163apq5R74nBvOIaSDto", "expire_date": "2025-07-31T20:15:32.017"}}, {"model": "sessions.session", "pk": "1qyy8u648vx0kyanc64lu3rkhgv51lak", "fields": {"session_data": ".eJxVjMsOwiAQRf-FtSG8Cy7d-w1khgGpGkhKuzL-uzbpQrf3nHNfLMK21riNvMSZ2JkZyU6_I0J65LYTukO7dZ56W5cZ-a7wgw5-7ZSfl8P9O6gw6rfOwRM6YbLU1mg0etLgvCErlC2CkKwJRTlnJWoBlIr3agpCWtRJgSD2_gDtCjdo:1ugM4u:xVNux-6zS_g_qrv59Ui3XKBmfKNAopb9TkFcsAeuLvI", "expire_date": "2025-07-29T08:31:36.947"}}, {"model": "sessions.session", "pk": "3devfes42xamlpzrg5xut0jouymzh60w", "fields": {"session_data": ".eJxVjMsOwiAQRf-FtSGUMlNw6d5vaIZhkKqBpI-V8d-1SRe6veec-1IjbWsZt0XmcUrqrCCo0-8YiR9Sd5LuVG9Nc6vrPEW9K_qgi762JM_L4f4dFFrKt0b0PXiK2GcQctgZ4wFdZ8EGkzka57jrWYZkswksDlmCYRgCeiGw6v0B5Qk3VA:1uimDg:noyKj2sz8Tl0-5Ym9DKsf-DID3_q7GC34n4JjZyGzhQ", "expire_date": "2025-08-05T00:50:40.957"}}, {"model": "sessions.session", "pk": "41ck7hyqjihi4ttgak92xy6ej27tnzhx", "fields": {"session_data": ".eJxVjEEOwiAQRe_C2hCYUqAu3XsGMjCDVA0kpV0Z765NutDtf-_9lwi4rSVsnZcwkzgLC-L0O0ZMD647oTvWW5Op1XWZo9wVedAur434eTncv4OCvXzrcRqYtdWaowOlk4PBwGiVR2avHTOAQsqZTEZjnQfUcSJnlRmUoWTE-wPybDeZ:1uh4gn:v087HCAVu8ujgN11MaGanPLu5i61JlR7x2nETwAeUKI", "expire_date": "2025-07-31T08:09:41.354"}}, {"model": "sessions.session", "pk": "41ikbam0frdfht9bhgog1vnbwlvzb60n", "fields": {"session_data": ".eJxVjMsOwiAQRf-FtSG8HMCl-34DgWGQqoGktCvjv2uTLnR7zzn3xULc1hq2QUuYM7swsOz0O6aID2o7yffYbp1jb-syJ74r_KCDTz3T83q4fwc1jvqtEUWxArTMBE4aNAmwGG-BpKIcnVLCRAfOOql88QQSz4mEB12oaKHZ-wME8De7:1uhTXv:Rl76hKP8qBcwRx1QEUbB3H7oBNtz956-s0FTeH7GZqI", "expire_date": "2025-08-01T10:42:11.458"}}, {"model": "sessions.session", "pk": "4izntwdcjry2ss0fvqftoajruu0dr297", "fields": {"session_data": ".eJxVjDsOwjAQBe_iGlmOvf5R0ucM1q694ABypDipEHeHSCmgfTPzXiLhtta0dV7SVMRZaCNOvyNhfnDbSblju80yz21dJpK7Ig_a5TgXfl4O9--gYq_f2ipG0rF4pzDjVQMB-wxQPOoQApEarLNWGcueXWAwZFwBYwH8ECGK9wcJWzdM:1ucXjg:oWxA4deWKV9Yr00MTH3ZdOmPFaJE6oRW5Pok7LRRKC8", "expire_date": "2025-07-18T20:09:56.198"}}, {"model": "sessions.session", "pk": "4q1v0yev4h4673d4lgpmeli8v4y1r3h7", "fields": {"session_data": ".eJxVjEsOwjAMRO-SNYqSOE4QS_acoXJshxRQK_WzQtydVuoCZjnvzbxNR-vSunXWqevFXIw3p9-uED912IE8aLiPlsdhmfpid8UedLa3UfR1Pdy_g0Zz29aJFMEJU2WuUTAAY1XG4jA6X32OFRKFEBJkF7dojYCQsqignsF8vvdAN8U:1uiuR8:etZTQTIacn-oZqPuAB9JqjhgVh21YWR2M_HjJ4t3T0o", "expire_date": "2025-08-05T09:37:06.211"}}, {"model": "sessions.session", "pk": "5bgr5arh10u3eyowltmhzsu8g91mqvmy", "fields": {"session_data": ".eJxVjE0OgjAYBe_StWlKsaV16Z4zkO9XUFMSCivj3ZWEhW7fzLyXGWBbx2GrsgwTm4tpzOl3Q6CHlB3wHcpttjSXdZnQ7oo9aLX9zPK8Hu7fwQh1_NYJ2LMPkLK0DbdnZcgYlTKFTOoYtetc4hTQCSm2GCkpqgdBgAjZvD8Y2Tnq:1uRC76:iC1_tvd7t4lOVxBfM0BUOacq-0bCWZE1LcWj6eWC86A", "expire_date": "2025-06-17T12:51:12.353"}}, {"model": "sessions.session", "pk": "5pkel11aixlhzsct0remncv554pot53m", "fields": {"session_data": ".eJxVjEEOwiAQRe_C2hDKTAO4dO8ZyAwDUjU0Ke3KeHdt0oVu_3vvv1Skba1x63mJk6izsur0uzGlR247kDu126zT3NZlYr0r-qBdX2fJz8vh_h1U6vVbk0AAZI8-G4tFxIXisytoPVpwzsGYPScqwZQABSWw4WFMCGlgRFDvD-BfN7k:1uc8gH:pR2r8WrWPuARo25y-WBwacGF-0B7LxXmdKjTSP8XOnk", "expire_date": "2025-07-17T17:24:45.733"}}, {"model": "sessions.session", "pk": "5sqcs149bpsxirbsi8j7gnlfrpsbg5vc", "fields": {"session_data": ".eJxVjEsOwjAMRO-SNYqSOE4QS_acoXJshxRQK_WzQtydVuoCZjnvzbxNR-vSunXWqevFXIw3p9-uED912IE8aLiPlsdhmfpid8UedLa3UfR1Pdy_g0Zz29aJFMEJU2WuUTAAY1XG4jA6X32OFRKFEBJkF7dojYCQsqignsF8vvdAN8U:1uVADm:xYd6CZhflAxYz9Pqdrhz8RvYhf5R5PHKQZalpoQvdsY", "expire_date": "2025-06-28T11:38:30.775"}}, {"model": "sessions.session", "pk": "5xxbhq4ehc1v6xelgsghyjzg29gl524z", "fields": {"session_data": ".eJxVjDsOwjAQBe_iGlmOvf5R0ucM1q694ABypDipEHeHSCmgfTPzXiLhtta0dV7SVMRZaCNOvyNhfnDbSblju80yz21dJpK7Ig_a5TgXfl4O9--gYq_f2ipG0rF4pzDjVQMB-wxQPOoQApEarLNWGcueXWAwZFwBYwH8ECGK9wcJWzdM:1ugMCu:hDXfOfBJqP9vtPnahrjHGE4IIrEg-HFhCgIVAft4-LU", "expire_date": "2025-07-29T08:39:52.062"}}, {"model": "sessions.session", "pk": "5zjwilk8ywqg9y9ptc90esn7olkjvyk6", "fields": {"session_data": ".eJxVjMsOwiAQRf-FtSGUMlNw6d5vaIZhkKqBpI-V8d-1SRe6veec-1IjbWsZt0XmcUrqrCCo0-8YiR9Sd5LuVG9Nc6vrPEW9K_qgi762JM_L4f4dFFrKt0b0PXiK2GcQctgZ4wFdZ8EGkzka57jrWYZkswksDlmCYRgCeiGw6v0B5Qk3VA:1ugiyL:RkolenAUS-0wA_kqDaolWvbaCEPbPrapbx8RvLuov8Y", "expire_date": "2025-07-30T08:58:21.849"}}, {"model": "sessions.session", "pk": "60674p0sddzozjciwcycvqvxk55mhp52", "fields": {"session_data": ".eJxVjMsOwiAQRf-FtSEwDS-X7v0GMgOjVA0kpV01_ruSdKHbc869u4i4rSVunZc4Z3EWoMXpFxKmJ9dh8gPrvcnU6rrMJEciD9vltWV-XY7276BgL2OtbmAt8QQpJAphMs6DQu3BE3oNoI1B4qycdSkYZm3RG_PFDm2GIN4f9Ag3SA:1ugO7L:4E764NBgHMuLVEyEOE5MlTqYOpHQQCtnnSL3a6RRT3c", "expire_date": "2025-07-29T10:42:15.185"}}, {"model": "sessions.session", "pk": "62nr4w65c86l80y8q57arrzd74ls9nho", "fields": {"session_data": ".eJxVjL0OwiAURt-F2RDK5dfR3WcgcC9I1dCktJPx3ZWkgy7f8J2T82Ih7lsNe89rmImdmRXs9HumiI_cBqF7bLeF49K2dU58KPygnV8Xys_L4f4Faux1dB14oVCbaRJJumI1SB91KkaAB6mjQWWBlNc2IziSgAWEI_xOIUXs_QHPwDch:1uiw0K:sxoQAT3sv0jtTHCpcDuhJE3dUs_wT2ErUGvJRySkVjQ", "expire_date": "2025-08-05T11:17:32.497"}}, {"model": "sessions.session", "pk": "7so9wxhqhnbwlwasldjknowxc4xm8ov3", "fields": {"session_data": ".eJxVjDsOwyAQBe9CHSFY83PK9D4DgoUNTiKQjF1FuXtsyUXSvpl5b-bDtha_9bz4ObErs5JdfscY8JnrQdIj1Hvj2Oq6zJEfCj9p51NL-XU73b-DEnrZ6xEJlTNOObAqmqhJh2hICpeNpQESAaB2AQaLoEiMYkC3u2ClyJEM-3wB_6U3ig:1uiwzL:sc3S_iZcCKO5MYYoBVhVyyMYrh-on274Ae-E3mg7EWI", "expire_date": "2025-08-05T12:20:35.023"}}, {"model": "sessions.session", "pk": "7urfl3xtpkeagymd6fh93v59fd1q7mga", "fields": {"session_data": ".eJxVjEEOwiAQRe_C2hAKhZm4dO8ZyMBMpWogKe3KeHdt0oVu_3vvv1SkbS1x67LEmdVZjUGdfsdE-SF1J3ynems6t7ouc9K7og_a9bWxPC-H-3dQqJdvHQI4MlYwGI-jiM9GGHhAR8kDuGwDmclOQQbDmTFRQvTepkwAFlm9PwEBODo:1ugMIm:DRfqOYoZ0zc0ZR-TK8Fk_u3a_UsEXHZZgaYNR8A1iyI", "expire_date": "2025-07-29T08:45:56.443"}}, {"model": "sessions.session", "pk": "8cgygl0bdf2jd5nwl3r38sbwv1vhuzg5", "fields": {"session_data": ".eJxVjEEOwiAQRe_C2pDSKQN16d4zNMMMSNVAUtqV8e7apAvd_vfef6mJtjVPW4vLNIs6K-zU6XcMxI9YdiJ3KrequZZ1mYPeFX3Qpq9V4vNyuH8HmVr-1sDi0NHIBsAjGOssOmSMDoWQjPeDNTBg5DCKjz4l6DmRBOtD10On3h_tkTe6:1uh4LP:P7AWd6LOlbKaGCOu_RLtoiQlqsgAn-8DzE4xnmVs9ZU", "expire_date": "2025-07-31T07:47:35.545"}}, {"model": "sessions.session", "pk": "8gj00i2du98x68oajt91lb8orhbfnlz0", "fields": {"session_data": ".eJxVjDsOwjAQBe_iGln-bexQ0ucM1tq74ACypTipEHeHSCmgfTPzXiLitpa4dV7iTOIsgjj9bgnzg-sO6I711mRudV3mJHdFHrTLqRE_L4f7d1Cwl2-dDDqLIzOpBBnsGLSyDk2i5LMCAwE4kNZKZyAfKDDx1SB4zQMN4MT7A-25N_4:1uXhJZ:tePMewlDzm4T8krhbVOl8Buwau-OLSxdMZcjhkjIj-E", "expire_date": "2025-07-05T11:22:57.468"}}, {"model": "sessions.session", "pk": "8me7d5wmd7rjfvwda1wpk0d74jmf3v1m", "fields": {"session_data": ".eJxVjEEOwiAQRe_C2hDKTAO4dO8ZyAwDUjU0Ke3KeHdt0oVu_3vvv1Skba1x63mJk6izsur0uzGlR247kDu126zT3NZlYr0r-qBdX2fJz8vh_h1U6vVbk0AAZI8-G4tFxIXisytoPVpwzsGYPScqwZQABSWw4WFMCGlgRFDvD-BfN7k:1ugO90:csxG4UNfiWn0Q82d6o8bdkb6CzQ17ALvna4HS7uVk8c", "expire_date": "2025-07-29T10:43:58.624"}}, {"model": "sessions.session", "pk": "97fe4fgpljcfb1ac7f6k5qlog7k2d5ae", "fields": {"session_data": ".eJxVjEEOwiAQRe_C2hDKTAO4dO8ZyAwDUjU0Ke3KeHdt0oVu_3vvv1Skba1x63mJk6izsur0uzGlR247kDu126zT3NZlYr0r-qBdX2fJz8vh_h1U6vVbk0AAZI8-G4tFxIXisytoPVpwzsGYPScqwZQABSWw4WFMCGlgRFDvD-BfN7k:1uRDsn:EeOasGO8-Vmk5eCo6S0SW13sl5dK7zLYprHaSeF2Ck4", "expire_date": "2025-06-17T14:44:33.471"}}, {"model": "sessions.session", "pk": "98f8hgmf7nsngj4gkodncngd5pd609er", "fields": {"session_data": ".eJxVjDsOwyAQBe9CHSGwl49Sps8Z0LIswUkEkrErK3ePLblI2jczbxMB16WEtfMcpiSuQoO4_I4R6cX1IOmJ9dEktbrMU5SHIk_a5b0lft9O9--gYC97TaNCTCpbZ6wB5xkSO8MaHGYPmcmTjwlGNyitMWOmkazmnakBogfx-QIXzjhn:1uc8c6:e2D8azXwGrmuDFp1oOvkap-OCWWRvPx-Pn-YPfzUbQQ", "expire_date": "2025-07-17T17:20:26.922"}}, {"model": "sessions.session", "pk": "9neg3sakjexxlwb2q3olbmtar2idvivj", "fields": {"session_data": ".eJxVjMsOwiAQRf-FtSEwDS-X7v0GMgOjVA0kpV01_ruSdKHbc869u4i4rSVunZc4Z3EWoMXpFxKmJ9dh8gPrvcnU6rrMJEciD9vltWV-XY7276BgL2OtbmAt8QQpJAphMs6DQu3BE3oNoI1B4qycdSkYZm3RG_PFDm2GIN4f9Ag3SA:1ucUCM:xpv8O10sXtWYQ-OpCNB5O-PPl7IQaM2nOXnoZjPHvnA", "expire_date": "2025-07-18T16:23:18.671"}}, {"model": "sessions.session", "pk": "9plhx063kcv83daqavbkup952qflflz6", "fields": {"session_data": ".eJxVjEEOwiAQRe_C2hAoZUCX7nsGMsOAVA0kpV0Z765NutDtf-_9lwi4rSVsPS1hZnERYMTpdySMj1R3wnestyZjq-syk9wVedAup8bpeT3cv4OCvXxrVF5T1gxq8NoCGSSfsxkt8pmVIgbtLQGDYx4gWU-g02gQUtTgnBPvDwwfOAc:1uh4lW:qvPQn2NaVTTWEFfUgrMZV_L-Q5qCe97U2NyFR8cRkr0", "expire_date": "2025-07-31T08:14:34.542"}}, {"model": "sessions.session", "pk": "a2c4evc00odhv6oof6plt8uys9egnwpd", "fields": {"session_data": ".eJxVjDsOwjAQBe_iGlng9ZeSnjNY6_UaB5AtxUmFuDtESgHtm5n3EhHXpcZ18BynLM4Cgjj8jgnpwW0j-Y7t1iX1tsxTkpsidzrktWd-Xnb376DiqN-6sDfZgFIOyGNxxKfg0XrHyhJqcAlQsQ-F0Rw5FLClZCLPoEPWWon3Bx7wOL8:1uhUhi:tqIZPqgUEpU8VJ_JFuV0o0V1ZucmlSBySz0xyqDmBtU", "expire_date": "2025-08-01T11:56:22.849"}}, {"model": "sessions.session", "pk": "a2ynrfv87ihztpg64nsnu0431tqk0ykw", "fields": {"session_data": ".eJxVjEEOwiAQRe_C2hDKTAO4dO8ZyAwDUjU0Ke3KeHdt0oVu_3vvv1Skba1x63mJk6izsur0uzGlR247kDu126zT3NZlYr0r-qBdX2fJz8vh_h1U6vVbk0AAZI8-G4tFxIXisytoPVpwzsGYPScqwZQABSWw4WFMCGlgRFDvD-BfN7k:1uWHxb:MFffiBTWw8SjyzR8C8qNoJJ4XLnX8WgpydNfBXcWWzU", "expire_date": "2025-07-01T14:06:27.084"}}, {"model": "sessions.session", "pk": "a8jug83odw00v1v1l15tb7u2lznbyrtc", "fields": {"session_data": ".eJxVjEEOwiAQRe_C2hAgM8C4dO8ZyACDrZo2Ke3KeHdt0oVu_3vvv1TibR3S1mVJY1VnBUGdfsfM5SHTTuqdp9usyzyty5j1ruiDdn2dqzwvh_t3MHAfvrVHzFKji86WZpu0Fp0JLGwqEnu0BNE4ysGSNwCVhCwIIgARCol6fwAF1Ddx:1ugNN5:YOykVasFOXZZk0xHqhD-TRDR8PIpAEcZoGqjbxHiYqY", "expire_date": "2025-07-29T09:54:27.976"}}, {"model": "sessions.session", "pk": "airetx0j3u25onqx9613bo0r609t14ud", "fields": {"session_data": ".eJxVjDsOwjAQBe_iGln5rWNT0nOG6G12TQLIluKkQtwdIqWA9s3Me5kB2zoNW9FlmMWcTUPm9Dsyxoemncgd6ZbtmNO6zGx3xR602GsWfV4O9-9gQpm-NVpPtbgYpHOewOiA4MNInmPo0TeVgMT3YFWu4TR60oqcQBHrlsz7AyYkOTU:1ugVjS:kEDycrxu82JD-cqOtKaV-xdGMeuM0V8hByuLZa8OicA", "expire_date": "2025-07-29T18:50:06.306"}}, {"model": "sessions.session", "pk": "ams8bcdfep0cdrdi87oelhhagrkypvg5", "fields": {"session_data": ".eJxVjEEOwiAQRe_C2pCWwjC4dO8ZmoEZpGpoUtqV8e7apAvd_vfef6mRtrWMW5NlnFid1QDq9DtGSg-pO-E71dus01zXZYp6V_RBm77OLM_L4f4dFGrlW6ch9JIjyGAheegwoLeWMnByRoLziNxHlN5lxx1YQANOLBkOaE0S9f4A_v03pA:1ugIeC:G_wESFz3KGBG46skeZT7bSFeTliF-OrhlA26P5AFaWw", "expire_date": "2025-07-29T04:51:48.822"}}, {"model": "sessions.session", "pk": "awtue2hvk1jes2skfvkcm1l1mez4fqf4", "fields": {"session_data": ".eJxVjEEOwiAQRe_C2hBgSoa4dO8ZyHQYpGogKe2q8e62SRe6fe_9v6lI61Li2mWOU1JX5Yy6_MKR-CX1MOlJ9dE0t7rM06iPRJ-263tL8r6d7d9BoV72dQ7ZgHiHVmy2BjJbTzRgcDkAGYc7Hjwy2WAEABDYUiJMzECegvp8Af0YOBg:1uhUKt:WMKKKNX5Q-sthIHOYdy-RsF6KmcE6cmx9QJ0ljqrz4I", "expire_date": "2025-08-01T11:32:47.019"}}, {"model": "sessions.session", "pk": "b3fmf8wgane03p94qv3eb5zx7c149ajx", "fields": {"session_data": ".eJxVjEEOwiAQRe_C2pAygDIu3XsGMjCDVA1NSrsy3l2bdKHb_977LxVpXWpcu8xxZHVWDtXhd0yUH9I2wndqt0nnqS3zmPSm6J12fZ1Ynpfd_Tuo1Ou3LsVSSIDCVkhMLsfgAAIMgmyHE_hks3fGISRE7wmZWAiJScB4BPX-ACB2OHE:1uhDv4:um9w6BnBzquBiyHQXSVihcD1tGsV_SVlyVpB8DE4nNU", "expire_date": "2025-07-31T18:01:02.244"}}, {"model": "sessions.session", "pk": "bge7kzef5vdntk4ar6rbcyax2pr9qg5v", "fields": {"session_data": ".eJxVjDsOwjAQBe_iGlmO4y8lPWew1t5dHECOFCcV4u4QKQW0b2beSyTY1pq2TkuaUJyFc-L0O2YoD2o7wTu02yzL3NZlynJX5EG7vM5Iz8vh_h1U6PVbZywWs9eoQrHReDaRwOahRDcoUt5ZZjPG4r3TxIHAIYwQmFlHtJnF-wMl4zkb:1uhSdE:UK0_gL2G0MYHg5PS_wp0qd2uiJVR28yKG6-UwXVtCew", "expire_date": "2025-08-01T09:43:36.511"}}, {"model": "sessions.session", "pk": "c05y6pwdmd9z27mh1rm3yykhyji292m4", "fields": {"session_data": ".eJxVjEEOwiAQRe_C2hDKTAO4dO8ZyAwDUjU0Ke3KeHdt0oVu_3vvv1Skba1x63mJk6izsur0uzGlR247kDu126zT3NZlYr0r-qBdX2fJz8vh_h1U6vVbk0AAZI8-G4tFxIXisytoPVpwzsGYPScqwZQABSWw4WFMCGlgRFDvD-BfN7k:1uRDvC:_7B_JasGSbJoy8je9xCcluHVeXBvU_LOjhmIj1afpIU", "expire_date": "2025-06-17T14:47:02.153"}}, {"model": "sessions.session", "pk": "c1pf57ii9ra5f3m6aljswd2ayp4qlcrf", "fields": {"session_data": ".eJxVjEsOwjAMRO-SNYqSOE4QS_acoXJshxRQK_WzQtydVuoCZjnvzbxNR-vSunXWqevFXIw3p9-uED912IE8aLiPlsdhmfpid8UedLa3UfR1Pdy_g0Zz29aJFMEJU2WuUTAAY1XG4jA6X32OFRKFEBJkF7dojYCQsqignsF8vvdAN8U:1ufjpL:awAlApVdHbnZMXx_X_1Ba9WPWksW5ub3snbdWkMNjjk", "expire_date": "2025-07-27T15:40:59.734"}}, {"model": "sessions.session", "pk": "c5b0yjeodrwg948hgcna0y66420c1d1c", "fields": {"session_data": ".eJxVjDsOwjAQBe_iGlmO409CSZ8zWLveNQ4gW4qTCnF3EikFtG9m3lsE2NYctsZLmElchbHi8jsixCeXg9ADyr3KWMu6zCgPRZ60yakSv26n-3eQoeW9Tq5XbNDF0WDPaqAE5K1JOqIf7YBaofcdJ9DgyeyC1TF17BA1uehZfL4jEjj7:1ugMFt:yAgkzusaMrIqklpYJSouCYH2lGafHYEqR4J8r6GNvqI", "expire_date": "2025-07-29T08:42:57.873"}}, {"model": "sessions.session", "pk": "ckl7o6puwdl7acgmk6z8n66swn6a7tlq", "fields": {"session_data": ".eJxVjDsOwjAQBe_iGln2bvyjpOcM1trr4ABypDipEHeHSCmgfTPzXiLStta49bLEicVZWC9Ov2Oi_ChtJ3yndptlntu6TEnuijxol9eZy_NyuH8HlXr91kGxNegIGZxP4I3HkHPQPiNphQ6RqTgYRkxq5ASkDcNgExE5ZQDF-wPw7DeX:1uhpOH:VCJRFaP1ff5zS5O2c1lMoCnmEMYtIEDWZ42Ebtgvgd0", "expire_date": "2025-08-02T10:01:41.609"}}, {"model": "sessions.session", "pk": "cq8ypn25sa676polvcg5wg0xp6i5chog", "fields": {"session_data": ".eJxVjMsOwiAQAP-FsyELyMujd7-BLN1FqoYmpT0Z_92Q9KDXmcm8RcJ9q2nvvKaZxEVYJ06_MOP05DYMPbDdFzktbVvnLEciD9vlbSF-XY_2b1Cx1_GFoJR1GApFb1ih8oFtLKiNd6wjR6sBqGg0DsjC2UbNDjI5mDyjEZ8v5uM3TA:1ugWw5:Ofiu-kjOu7cbILHljH9iCdVbny9XHLpiMctIYuvVklY", "expire_date": "2025-07-29T20:07:13.559"}}, {"model": "sessions.session", "pk": "d25bzwweej801m5jw92uuqyet0huu79i", "fields": {"session_data": "e30:1uXNtO:iaQEZ_n5FNOzIIhsKkeKJ-FM6y9Hq62Xf6WN6kmA81w", "expire_date": "2025-07-04T14:38:38.603"}}, {"model": "sessions.session", "pk": "ddszyf7z9d370s6ds5kx7yt9cxdxxg85", "fields": {"session_data": ".eJxVjDkOwjAUBe_iGlleE5uSnjNYf3FwANlSnFSIu0OkFNC-mXkvkWBbS9p6XtLM4izsKE6_IwI9ct0J36HemqRW12VGuSvyoF1eG-fn5XD_Dgr08q2RQDlGsBQZ2atAmI3JPgCysog4jVqTzT4qrQYC79g5FaMJbLQdJvH-AEH6OKc:1ugM0F:aGYEVnBbNAoe8o_Vn0xB-Q8FibXHZt2XbYc5KHnTnAQ", "expire_date": "2025-07-29T08:26:47.261"}}, {"model": "sessions.session", "pk": "dko05z6dk5lg3ruh4xp50pjiug85fo39", "fields": {"session_data": ".eJxVjDsOwjAQBe_iGlnrf0JJnzNYa6-NA8iR4qRC3J1YSgHtzLz3Zh73rfi9pdXPxK7MaHb5hQHjM9Vu6IH1vvC41G2dA-8JP23j00LpdTvbv4OCrRxrN2gSElwkRQSAOUszWsx4MMKoTMfO2FEBCNBOIgayDklpkYZo2OcLBmw36g:1ugWgb:50AB2G4E_Uk9qLmvVz8ngjQIv3Yh0DtxUBoLxyiLYsI", "expire_date": "2025-07-29T19:51:13.198"}}, {"model": "sessions.session", "pk": "e0brocm0yp8ew5hkkm66g9ez7572zh08", "fields": {"session_data": ".eJxVjDsOwyAQBe9CHSEEyy9l-pwBAbsEJxFIxq6s3D225CJpZ-a9jYW4LjWsg-YwIbsycOzyC1PML2qHwWdsj85zb8s8JX4k_LSD3zvS-3a2fwc1jrqvoxOgvVXF24RSlWKUK1YAgNAksiSldIo78QY8KV8ArcEiBVJOaD37fAH1ETf5:1uivA6:vYShva4eTZc2SOl1RR-a6C9uklix76OsWhTRzqUWNfA", "expire_date": "2025-08-05T10:23:34.996"}}, {"model": "sessions.session", "pk": "e41blma4vqg177yvlhknm61vucn15ohv", "fields": {"session_data": ".eJxVjEsOwjAMRO-SNYqSOE4QS_acoXJshxRQK_WzQtydVuoCZjnvzbxNR-vSunXWqevFXIw3p9-uED912IE8aLiPlsdhmfpid8UedLa3UfR1Pdy_g0Zz29aJFMEJU2WuUTAAY1XG4jA6X32OFRKFEBJkF7dojYCQsqignsF8vvdAN8U:1uaaxg:8eHDQjTAQITZSml2_ntdk3rXsAuez4VHW0IGDqcLYFY", "expire_date": "2025-07-13T11:12:20.287"}}, {"model": "sessions.session", "pk": "eeddcv0jay56qy878k36ustswkj6tdxv", "fields": {"session_data": ".eJxVjMEOwiAQRP-FsyEsZevi0Xu_odkFlKqBpLQn47_bJj3obTLvzbzVyOuSx7WleZyiuiggdfothcMzlZ3EB5d71aGWZZ5E74o-aNNDjel1Pdy_g8wtb2t0ECVIwp62aJzBDsFS7x15sCzGEDImA9AFH1iIiEluCTxbcGdUny_Xwjbd:1ucBol:JYB1bRYB9eDwZFnFJzaO0ty8X-zeWo-CDjlv4XyDcmo", "expire_date": "2025-07-17T20:45:43.485"}}, {"model": "sessions.session", "pk": "efsux6q9ont9v06dja4h6g184lh6z0p5", "fields": {"session_data": ".eJxVjEEOwiAQRe_C2hDKTAO4dO8ZyAwDUjU0Ke3KeHdt0oVu_3vvv1Skba1x63mJk6izsur0uzGlR247kDu126zT3NZlYr0r-qBdX2fJz8vh_h1U6vVbk0AAZI8-G4tFxIXisytoPVpwzsGYPScqwZQABSWw4WFMCGlgRFDvD-BfN7k:1uTp7d:JzOT3J8-DLue9uHM2PIgNkv6pRyEIju1gqanaQJmTok", "expire_date": "2025-06-24T18:54:37.116"}}, {"model": "sessions.session", "pk": "eg9kze6jv7hqlrvgjk1uxauk4cl0p4ql", "fields": {"session_data": ".eJxVjEEOgjAQRe_StWlKy5TRpXvOQGY6U4saSCisjHdXEha6_e-9_zIDbWsZtqrLMIq5GEBz-h2Z0kOnncidptts0zyty8h2V-xBq-1n0ef1cP8OCtXyrV0-g1OmKNgE8igxRB9YOGb02AWnsYUWsPGMzmUFztA1KasAduqjeX8A_UQ3uA:1uh57B:O7_IDQtnoDAktEcL-QYlTYCfPyp73kzT6ASFc0bQZvQ", "expire_date": "2025-07-31T08:36:57.954"}}, {"model": "sessions.session", "pk": "ep0xpi19qkiwo71r4zs3hg007impju6g", "fields": {"session_data": ".eJxVjEEOwiAQRe_C2hBgKIpL956BzDCjVA0kpV0Z726bdKHb_977b5VwmUtaukxpZHVWAOrwOxLmp9SN8APrvenc6jyNpDdF77Tra2N5XXb376BgL2stwhhPDgOidS4Y8Bk8gSCx8YMNFoOhnMUFYSY3UPT-GM1q3oCcYfX5AhpdODk:1ugWaX:_P29XWZHOqDpFVXa1im4zLSZmX7hOWyyi-BiOypKo2c", "expire_date": "2025-07-29T19:44:57.475"}}, {"model": "sessions.session", "pk": "ezbc6apds1elh0196pn36ya3x3q2u022", "fields": {"session_data": ".eJxVjEEOwiAQRe_C2hBgSoa4dO8ZyHQYpGogKe2q8e62SRe6fe_9v6lI61Li2mWOU1JX5Yy6_MKR-CX1MOlJ9dE0t7rM06iPRJ-263tL8r6d7d9BoV72dQ7ZgHiHVmy2BjJbTzRgcDkAGYc7Hjwy2WAEABDYUiJMzECegvp8Af0YOBg:1ucNtZ:BD4TbTvPx_qiR44U8MGvffKSM9RYKOnaSmUCGdVcx1A", "expire_date": "2025-07-18T09:39:29.136"}}, {"model": "sessions.session", "pk": "fb30loc46cxiy1qtc3f7fkazd1ym4cvc", "fields": {"session_data": ".eJxVjDsOwjAQBe_iGln5rWNT0nOG6G12TQLIluKkQtwdIqWA9s3Me5kB2zoNW9FlmMWcTUPm9Dsyxoemncgd6ZbtmNO6zGx3xR602GsWfV4O9-9gQpm-NVpPtbgYpHOewOiA4MNInmPo0TeVgMT3YFWu4TR60oqcQBHrlsz7AyYkOTU:1udbS4:ROTA0mcfNVfReHRjfZiqHonA5Qp__0R-9Y99b5WAKJo", "expire_date": "2025-07-21T18:20:08.632"}}, {"model": "sessions.session", "pk": "fd0052uy5eu629976djva2p5f9zq6mx9", "fields": {"session_data": ".eJxVjDsOwyAQBe9CHSGwl49Sps8Z0LIswUkEkrErK3ePLblI2jczbxMB16WEtfMcpiSuQoO4_I4R6cX1IOmJ9dEktbrMU5SHIk_a5b0lft9O9--gYC97TaNCTCpbZ6wB5xkSO8MaHGYPmcmTjwlGNyitMWOmkazmnakBogfx-QIXzjhn:1uc8MZ:vTtsICAgPcXIWQ4LNr1Si6GIuk3ZViFdP-1yDw0DHio", "expire_date": "2025-07-17T17:04:23.030"}}, {"model": "sessions.session", "pk": "fjzakbumscsajxvkm7nriwu3qa9vgtmh", "fields": {"session_data": ".eJxVjMsOwiAQRf-FtSGF4TF16d5vIAwDUjU0Ke3K-O_apAvd3nPOfYkQt7WGreclTCzOwlpx-h0ppkduO-F7bLdZprmty0RyV-RBu7zOnJ-Xw_07qLHXb6218ooUGShojCdAh2BcYi5pHD0WFzlFZHJOadQlw6BhSJ60dWDQivcH8z03VQ:1ugWha:_C_1_NZndhZhYPm1CtUlHMnny3XZNe15UuE9lv9eWUo", "expire_date": "2025-07-29T19:52:14.668"}}, {"model": "sessions.session", "pk": "fm0trd5n9tw5k0xi8la1komzvdkztbra", "fields": {"session_data": ".eJxVjEsOwjAMRO-SNYqSOE4QS_acoXJshxRQK_WzQtydVuoCZjnvzbxNR-vSunXWqevFXIw3p9-uED912IE8aLiPlsdhmfpid8UedLa3UfR1Pdy_g0Zz29aJFMEJU2WuUTAAY1XG4jA6X32OFRKFEBJkF7dojYCQsqignsF8vvdAN8U:1uZuVE:VusSYMaB6c859fcwZOJwsqe_0r66LXJbXd3Cjjaisgw", "expire_date": "2025-07-11T13:52:08.295"}}, {"model": "sessions.session", "pk": "fq4gdy0wqtu97yp3ibf7et58df964foq", "fields": {"session_data": ".eJxVjEsOwjAMRO-SNYqSOE4QS_acoXJshxRQK_WzQtydVuoCZjnvzbxNR-vSunXWqevFXIw3p9-uED912IE8aLiPlsdhmfpid8UedLa3UfR1Pdy_g0Zz29aJFMEJU2WuUTAAY1XG4jA6X32OFRKFEBJkF7dojYCQsqignsF8vvdAN8U:1uTsVf:6iCFyEpI_NG1f8Bwqmr1h16QmYqjb73MhdHOMasHa_g", "expire_date": "2025-06-24T22:31:39.820"}}, {"model": "sessions.session", "pk": "g23qaesf229qdnaanaix7c45pejr0dra", "fields": {"session_data": ".eJxVjDsOwyAQBe9CHSGwl49Sps8Z0LIswUkEkrErK3ePLblI2jczbxMB16WEtfMcpiSuQoO4_I4R6cX1IOmJ9dEktbrMU5SHIk_a5b0lft9O9--gYC97TaNCTCpbZ6wB5xkSO8MaHGYPmcmTjwlGNyitMWOmkazmnakBogfx-QIXzjhn:1uc8Nb:91uZ3AnVe0GVcJ3cF3pb6YENrDv4aorPt9mc8Wxt4fE", "expire_date": "2025-07-17T17:05:27.085"}}, {"model": "sessions.session", "pk": "g6ej8vvnlatcd0fsl2mng9bc2pe7qg45", "fields": {"session_data": ".eJxVjEEOwiAQRe_C2pCWwjC4dO8ZmoEZpGpoUtqV8e7apAvd_vfef6mRtrWMW5NlnFid1QDq9DtGSg-pO-E71dus01zXZYp6V_RBm77OLM_L4f4dFGrlW6ch9JIjyGAheegwoLeWMnByRoLziNxHlN5lxx1YQANOLBkOaE0S9f4A_v03pA:1ugIg7:-LNieDL4YZGXW8yKLu9ohK6oGVda0MpqFjVgKyUd0Qk", "expire_date": "2025-07-29T04:53:47.772"}}, {"model": "sessions.session", "pk": "goe5o2npyk2gzxk2whc5kfwx0x8amn1q", "fields": {"session_data": ".eJxVjMsOwiAQRf-FtSG8Cy7d-w1khgGpGkhKuzL-uzbpQrf3nHNfLMK21riNvMSZ2JkZyU6_I0J65LYTukO7dZ56W5cZ-a7wgw5-7ZSfl8P9O6gw6rfOwRM6YbLU1mg0etLgvCErlC2CkKwJRTlnJWoBlIr3agpCWtRJgSD2_gDtCjdo:1uhQtd:2P-n1X-DnZdI5hZKRIz04AbvSrSPVJ6-Jbt0Mt8HzgQ", "expire_date": "2025-08-01T07:52:25.325"}}, {"model": "sessions.session", "pk": "hw4pl91r5cb6iietnmz7rlqc62qtvacw", "fields": {"session_data": ".eJxVjDsOwjAQBe_iGln5rWNT0nOG6G12TQLIluKkQtwdIqWA9s3Me5kB2zoNW9FlmMWcTUPm9Dsyxoemncgd6ZbtmNO6zGx3xR602GsWfV4O9-9gQpm-NVpPtbgYpHOewOiA4MNInmPo0TeVgMT3YFWu4TR60oqcQBHrlsz7AyYkOTU:1ud93u:CKEd5iZqKThtUUFa_rCquJsEEZKXozOdqzT4h7O0jlg", "expire_date": "2025-07-20T12:01:18.448"}}, {"model": "sessions.session", "pk": "hwrllimp4pfuz05e0flwvdnfspgw3805", "fields": {"session_data": ".eJxVjEEOwiAQRe_C2hCYUqAu3XsGMjCDVA0kpV0Z765NutDtf-_9lwi4rSVsnZcwkzgLC-L0O0ZMD647oTvWW5Op1XWZo9wVedAur434eTncv4OCvXzrcRqYtdWaowOlk4PBwGiVR2avHTOAQsqZTEZjnQfUcSJnlRmUoWTE-wPybDeZ:1uh4j0:OEi-WSBxUDgMyaYgSd8zo-RjtbMD7Cl4rUIywu0whDk", "expire_date": "2025-07-31T08:11:58.828"}}, {"model": "sessions.session", "pk": "j211x31freuc47o8h4886kkq911odpn4", "fields": {"session_data": ".eJxVjDsOwjAQBe_iGllJ_GFNSZ8zWOvdNQ4gR4qTCnF3iJQC2jcz76UibmuJW5MlTqwuyoA6_Y4J6SF1J3zHeps1zXVdpqR3RR-06XFmeV4P9--gYCvfOiXOrhMcAoMgDyA9ZgkOkXpjhI07E9mOJVmw1juPHrzLYIA4CAT1_gBIejkS:1uhRdQ:bCyW7KD06HX9ROvDQ-KCcntOTzw3nL0e09VO44u1pJU", "expire_date": "2025-08-01T08:39:44.085"}}, {"model": "sessions.session", "pk": "jlq5jq3c6v2a6kl73giayuu4apyj2o3w", "fields": {"session_data": "eyJfcGFzc3dvcmRfcmVzZXRfdG9rZW4iOiJjdHNvcmctNjExN2E2MjNhZjZhNjJjOWFmYWExYjhkMzliMmNkNzAifQ:1uhQya:BrwbLS36ccFL8VEOCD4U-PoICfQjTTNu5g4qrKSNSeg", "expire_date": "2025-08-01T07:57:32.570"}}, {"model": "sessions.session", "pk": "joltl0sef0dubnv1t5q7r9y0febid7q2", "fields": {"session_data": ".eJxVjEEOgjAQRe_StWlKy5TRpXvOQGY6U4saSCisjHdXEha6_e-9_zIDbWsZtqrLMIq5GEBz-h2Z0kOnncidptts0zyty8h2V-xBq-1n0ef1cP8OCtXyrV0-g1OmKNgE8igxRB9YOGb02AWnsYUWsPGMzmUFztA1KasAduqjeX8A_UQ3uA:1uif0B:pFS8ZOGQGXJbmF8vIVljrlLkuayTCjXUoScj-bNe5p0", "expire_date": "2025-08-04T17:08:15.284"}}, {"model": "sessions.session", "pk": "kbx3rvl8dpv1tqr4zara3vfwu07oau51", "fields": {"session_data": ".eJxVjEsOwjAMRO-SNYqSOE4QS_acoXJshxRQK_WzQtydVuoCZjnvzbxNR-vSunXWqevFXIw3p9-uED912IE8aLiPlsdhmfpid8UedLa3UfR1Pdy_g0Zz29aJFMEJU2WuUTAAY1XG4jA6X32OFRKFEBJkF7dojYCQsqignsF8vvdAN8U:1uhCM4:2HErtdxoD1cTI8f6J3eF-cqBXFvlyPzH9RQIeV2vNGw", "expire_date": "2025-07-31T16:20:48.227"}}, {"model": "sessions.session", "pk": "kmszqfsh81nizcwf50th1s41pix8m5x5", "fields": {"session_data": ".eJxVjMsOwiAQRf-FtSG8Cy7d-w1khgGpGkhKuzL-uzbpQrf3nHNfLMK21riNvMSZ2JkZyU6_I0J65LYTukO7dZ56W5cZ-a7wgw5-7ZSfl8P9O6gw6rfOwRM6YbLU1mg0etLgvCErlC2CkKwJRTlnJWoBlIr3agpCWtRJgSD2_gDtCjdo:1uhpiW:xjKDEzztQ34L5Bh0FKY44P4fC6ZHxZRSLeDIIEaBN7Y", "expire_date": "2025-08-02T10:22:36.070"}}, {"model": "sessions.session", "pk": "laslkehuxs830apfth4eltns084zkcst", "fields": {"session_data": ".eJxVjEEOwiAQRe_C2pDCFKEu3XsGMjAzUjU0Ke3KeHfbpAvd_vfef6uI61Li2niOI6mLgl6dfseE-cl1J_TAep90nuoyj0nvij5o07eJ-HU93L-Dgq1stQEk8UJesofBWSbpgcAasS6fjUsdDtLl5EMg2VwKzE7EWwYAMUl9vi1BOTA:1ueGVs:d3y_hn58yFarqx8eNYS7EXhwCz-n8HgBxg2i6akzdIE", "expire_date": "2025-07-23T14:10:48.167"}}, {"model": "sessions.session", "pk": "lbc6qsm53lrgminl7h7rpty4hh5z2udm", "fields": {"session_data": ".eJxVjEEOgjAQRe_StWk6pQODS_eeoWlnBosaSCisjHdXEha6_e-9_zIxbWuJW9UljmLOpkVz-h1z4odOO5F7mm6z5XlalzHbXbEHrfY6iz4vh_t3UFIt39pRQGgAaCD1DaJTCNqCoPeEriPpGw7QIbEwM7qeBscZqAdACerM-wPJsTa6:1uhG5k:6pNmRDeeN-52BFOGTu4rFAmExEvako7AtC8zfncxc_g", "expire_date": "2025-07-31T20:20:12.612"}}, {"model": "sessions.session", "pk": "lhjw3462y7lfckpcojt90ujlkl28uiac", "fields": {"session_data": ".eJxVjEEOwiAQRe_C2hBgKIpL956BzDCjVA0kpV0Z726bdKHb_977b5VwmUtaukxpZHVWAOrwOxLmp9SN8APrvenc6jyNpDdF77Tra2N5XXb376BgL2stwhhPDgOidS4Y8Bk8gSCx8YMNFoOhnMUFYSY3UPT-GM1q3oCcYfX5AhpdODk:1udcEt:tkfrEuMhyEFwVJKZusj52QV4JDbOp8OfAUgqUOnNQ_g", "expire_date": "2025-07-21T19:10:35.635"}}, {"model": "sessions.session", "pk": "lnd3qhf6npjst3j88n4struz6z2s6lxs", "fields": {"session_data": ".eJxVjLsOAiEQAP-F2pDlEQRLe7-B7LIgpwaS464y_rshuULbmcm8RcR9q3EfeY0Li4sw4vTLCNMztyn4ge3eZeptWxeSM5GHHfLWOb-uR_s3qDjq3MIZKYDVhopilbLySoP1AYmV4QCoCzrLGAiK0V47AtYITmFylrz4fAHWijek:1uRLuq:ngV4-By0zq_4HlkaSCk47colYdP940O08izp6k4HUrU", "expire_date": "2025-06-17T23:19:12.134"}}, {"model": "sessions.session", "pk": "luoihg702uvcnikefbv1pjxaap33mahl", "fields": {"session_data": "eyJfcGFzc3dvcmRfcmVzZXRfdG9rZW4iOiJjdG96ZjAtMTFjOGZiMWVkMTVjNzk2YmU5YmRjM2QwZjlmZWEyMzIifQ:1ugi1B:e6Y-4Gp1qxxe4lqEK577Pp8mDvOTv_SyldXeg9tW7TY", "expire_date": "2025-07-30T07:57:13.660"}}, {"model": "sessions.session", "pk": "lw9ejxj8281czjqrasf6du1f7ikhrvq5", "fields": {"session_data": ".eJxVjLsOAiEQAP-F2hAgLg9Le7-BLOwipwaS464y_rshuULbmcm8RcR9q3EfvMaFxEWAE6dfmDA_uU1DD2z3LnNv27okORN52CFvnfh1Pdq_QcVR5xd08kzJQFFOWauVd8VzcqxMKDqfdSFkMGQDQeBQjCpgrA_ekMqYxecLBYw4Hg:1ugi0N:z49jW4TY1iD4bxyGkGr5WD9CZp_Y2Q89d2XJybN_D4k", "expire_date": "2025-07-30T07:56:23.392"}}, {"model": "sessions.session", "pk": "m7i1ysp70pjc3wrp6flo81k84d6udlb1", "fields": {"session_data": ".eJxVjE0OgjAYBe_StWlKsaV16Z4zkO9XUFMSCivj3ZWEhW7fzLyXGWBbx2GrsgwTm4tpzOl3Q6CHlB3wHcpttjSXdZnQ7oo9aLX9zPK8Hu7fwQh1_NYJ2LMPkLK0DbdnZcgYlTKFTOoYtetc4hTQCSm2GCkpqgdBgAjZvD8Y2Tnq:1uRGht:0vNHSf-JI78HCPHb7E11J4wsjS20HMsxvfVJw5k7fEU", "expire_date": "2025-06-17T17:45:29.760"}}, {"model": "sessions.session", "pk": "m9i4vcewne3mlacbktm0rmqvf0k32rf6", "fields": {"session_data": ".eJxVjEsOwjAMRO-SNYqSOE4QS_acoXJshxRQK_WzQtydVuoCZjnvzbxNR-vSunXWqevFXIw3p9-uED912IE8aLiPlsdhmfpid8UedLa3UfR1Pdy_g0Zz29aJFMEJU2WuUTAAY1XG4jA6X32OFRKFEBJkF7dojYCQsqignsF8vvdAN8U:1ugpEj:c1uRAGFfZ3eG7DF5wX1Xuf653J7hbUr3VtrJztz8HJw", "expire_date": "2025-07-30T15:39:41.306"}}, {"model": "sessions.session", "pk": "mgvtpq0bx6t72ha5lfdq4y4i7hf0h9f5", "fields": {"session_data": ".eJxVjDsOgzAQRO_iOrKw8QenTM8ZrF17NyaJjIShinL3gESRdKN5b-YtImxriVujJU5ZXIXtxeW3REhPqgfJD6j3Waa5rsuE8lDkSZsc50yv2-n-HRRoZV87xuS1tsYlVNqSDdpTn21HAzuDCtjsCQJ70E5xSMyDAfAIyoDqsvh8ARXiOMk:1ugWdZ:S1Gy92czVQ2LakpRjoMTuUMyoPHVcXeRFtwPd94yygc", "expire_date": "2025-07-29T19:48:05.323"}}, {"model": "sessions.session", "pk": "mj31th9dn0lhuha8uwlk2fonbgcfmc3b", "fields": {"session_data": ".eJxVjEEOwiAQRe_C2hDKTAO4dO8ZyAwDUjU0Ke3KeHdt0oVu_3vvv1Skba1x63mJk6izsur0uzGlR247kDu126zT3NZlYr0r-qBdX2fJz8vh_h1U6vVbk0AAZI8-G4tFxIXisytoPVpwzsGYPScqwZQABSWw4WFMCGlgRFDvD-BfN7k:1ucasw:n4YRLGlJInRnq07BE9IGit0JvCE3PZvetS9vo_7WFfs", "expire_date": "2025-07-18T23:31:42.282"}}, {"model": "sessions.session", "pk": "ms0yliw6mshislg3lyx60vryegkekwey", "fields": {"session_data": ".eJxVjDkOwjAUBe_iGlleE5uSnjNYf3FwANlSnFSIu0OkFNC-mXkvkWBbS9p6XtLM4izsKE6_IwI9ct0J36HemqRW12VGuSvyoF1eG-fn5XD_Dgr08q2RQDlGsBQZ2atAmI3JPgCysog4jVqTzT4qrQYC79g5FaMJbLQdJvH-AEH6OKc:1uhpjw:9bv27DusSS9pGto_d7QHi9Wt6K7chqevJKFEirke6P4", "expire_date": "2025-08-02T10:24:04.074"}}, {"model": "sessions.session", "pk": "nodgb4x6dek4ej9058lph69grwmlkgpu", "fields": {"session_data": ".eJxVjDsOwyAQBe9CHSEEyy9l-pwBAbsEJxFIxq6s3D225CJpZ-a9jYW4LjWsg-YwIbsycOzyC1PML2qHwWdsj85zb8s8JX4k_LSD3zvS-3a2fwc1jrqvoxOgvVXF24RSlWKUK1YAgNAksiSldIo78QY8KV8ArcEiBVJOaD37fAH1ETf5:1uiF4n:teSg7P66jzF7NylNXn4_uB0mosy2z-tuLGS2SqUXGvM", "expire_date": "2025-08-03T13:27:17.575"}}, {"model": "sessions.session", "pk": "nzmklsfrn5dd6674zjsiieuj2297oqg4", "fields": {"session_data": ".eJxVjLsOAiEQAP-F2pDlEQRLe7-B7LIgpwaS464y_rshuULbmcm8RcR9q3EfeY0Li4sw4vTLCNMztyn4ge3eZeptWxeSM5GHHfLWOb-uR_s3qDjq3MIZKYDVhopilbLySoP1AYmV4QCoCzrLGAiK0V47AtYITmFylrz4fAHWijek:1uRDu6:FzG3Eb1Ep7BBCeyDnPAzF8AdakFzHgAMvYMkHAkBfyg", "expire_date": "2025-06-17T14:45:54.027"}}, {"model": "sessions.session", "pk": "o7fyc97i9hnfg52rvoi45dgguppf4a48", "fields": {"session_data": ".eJxVjEEOwiAQRe_C2pDSKQN16d4zNMMMSNVAUtqV8e7apAvd_vfef6mJtjVPW4vLNIs6K-zU6XcMxI9YdiJ3KrequZZ1mYPeFX3Qpq9V4vNyuH8HmVr-1sDi0NHIBsAjGOssOmSMDoWQjPeDNTBg5DCKjz4l6DmRBOtD10On3h_tkTe6:1uh4Kr:VBT4-FxQ_H4ltqFnWzQ21Jc3WrLV3w1VSVPUBL4fx8k", "expire_date": "2025-07-31T07:47:01.236"}}, {"model": "sessions.session", "pk": "oeiq8q6nnquyxbo6vmj4yna9e3hh3e3k", "fields": {"session_data": ".eJxVjMsOgjAUBf-la9PcQinFpXu_gdxXLWpKQmFl_HclYaHbMzPnZUbc1jxuVZdxEnM23pvT70jIDy07kTuW22x5Lusykd0Ve9Bqr7Po83K4fwcZa_7WDECsQ0y9AkmKbfTBYQpOXB9DB8iKUQeBnltlFSAigTZ1jaC4Rsz7AzELOXc:1ugMFz:h1sqK6Rcf2iT3CN1NuYcgTDK2rNGpeHTafe1U4dSPG4", "expire_date": "2025-07-29T08:43:03.345"}}, {"model": "sessions.session", "pk": "om1e2pva1sio2my7kih1s7tzpeyj79fs", "fields": {"session_data": ".eJxVjDsOwjAQBe_iGlng9ZeSnjNY6_UaB5AtxUmFuDtESgHtm5n3EhHXpcZ18BynLM4Cgjj8jgnpwW0j-Y7t1iX1tsxTkpsidzrktWd-Xnb376DiqN-6sDfZgFIOyGNxxKfg0XrHyhJqcAlQsQ-F0Rw5FLClZCLPoEPWWon3Bx7wOL8:1ugLif:I8GDr04RcG1_q4TO7_41biwNHS9VJ9qulDttSkKZdyI", "expire_date": "2025-07-29T08:08:37.703"}}, {"model": "sessions.session", "pk": "p5gsr649zftvo1mc8zfiastgxwf2okmj", "fields": {"session_data": ".eJxVjMsOwiAQRf-FtSGU97h07zeQAQapGkhKuzL-uzbpQrf3nHNfLOC21rANWsKc2ZlpyU6_Y8T0oLaTfMd26zz1ti5z5LvCDzr4tWd6Xg7376DiqN-6wAQgVI4mOWl9tknJUigVK4u3hYwRDrR0BgSgpeQJSE-E0UQNCjV7fwAKlDgw:1ugMDZ:wgd9WRMZMQWHQcOmJale59_WLAxDdJdG3Qx-tHrtso0", "expire_date": "2025-07-29T08:40:33.401"}}, {"model": "sessions.session", "pk": "paqdkv9hljjawqystced0k3218kj6vl4", "fields": {"session_data": ".eJxVjEEOwiAQRe_C2hCYUqAu3XsGMjCDVA0kpV0Z765NutDtf-_9lwi4rSVsnZcwkzgLC-L0O0ZMD647oTvWW5Op1XWZo9wVedAur434eTncv4OCvXzrcRqYtdWaowOlk4PBwGiVR2avHTOAQsqZTEZjnQfUcSJnlRmUoWTE-wPybDeZ:1uhJDS:k4xB_IvA2HA0oA9LPlqfE9d_XQrg499eLyjIR9E6hl8", "expire_date": "2025-07-31T23:40:22.060"}}, {"model": "sessions.session", "pk": "pg5upmh03r101gtsx5vjmok3gwdztjk9", "fields": {"session_data": ".eJxVjEEOwiAQRe_C2pDSKQN16d4zNMMMSNVAUtqV8e7apAvd_vfef6mJtjVPW4vLNIs6K-zU6XcMxI9YdiJ3KrequZZ1mYPeFX3Qpq9V4vNyuH8HmVr-1sDi0NHIBsAjGOssOmSMDoWQjPeDNTBg5DCKjz4l6DmRBOtD10On3h_tkTe6:1uh4O8:-a_uubq8RjxbFEuQJRQ9kHdIzJJrxBoVTCF30zO5nkQ", "expire_date": "2025-07-31T07:50:24.243"}}, {"model": "sessions.session", "pk": "q1t32io2yjur030uw5wu22ers4540jj3", "fields": {"session_data": ".eJxVjMsOwiAQRf-FtSFTYHi4dO83EIaHVA0kpV0Z_12bdKHbe865L-bDtla_jbz4ObEzQ2Cn35FCfOS2k3QP7dZ57G1dZuK7wg86-LWn_Lwc7t9BDaN-a6GnlEgI1AjFWnBBQYxGKtTSgUBQQAVlsSgmkwkzYikIkByQUdKw9wfVdzav:1ugXhe:CgIjhveXmIoSRdrouKcYY8kGj1ZqR_Om4tLB8e-DCkQ", "expire_date": "2025-07-29T20:56:22.445"}}, {"model": "sessions.session", "pk": "qdoo58pbbvpbwd440iz0fdwfto0xa7fj", "fields": {"session_data": ".eJxVjM0OwiAQhN-FsyEs8rP16L3PQBYWpWogKe3J-O62SQ96nPm-mbcItC4lrD3PYWJxERrE6beMlJ657oQfVO9NplaXeYpyV-RBuxwb59f1cP8OCvWyrSMaw4yUrQdIziEyDQNvMYG3lvlmLCqtwXltEqqkrSelNOYzOHBWfL759jbu:1ugi2J:HLFUWHM_SLAb7FVu9sDmVwJuT6hm9BqfEk6onejZ5d0", "expire_date": "2025-07-30T07:58:23.963"}}, {"model": "sessions.session", "pk": "qme2y8770qwka6l6e004g9ezbk5avcgv", "fields": {"session_data": ".eJxVjEEOwiAQRe_C2pAOhSm4dO8ZCMOAVA0kpV0Z765NutDtf-_9l_BhW4vfelr8zOIswIjT70ghPlLdCd9DvTUZW12XmeSuyIN2eW2cnpfD_TsooZdvjQoc4sAIaswGKU7ZTWgVDNlEcpbIjVEDkiYwAZwGQLZZG8qadSDx_gDe3zd6:1uc8dL:gWaMVw6MXszcGR2kCkq3NZueEVAzaRlynYy34sbjnxU", "expire_date": "2025-07-17T17:21:43.205"}}, {"model": "sessions.session", "pk": "qslblme0yhb6mfhrqxfvd8upko8spd28", "fields": {"session_data": ".eJxVjEEOwiAQRe_C2hBgSoa4dO8ZyHQYpGogKe2q8e62SRe6fe_9v6lI61Li2mWOU1JX5Yy6_MKR-CX1MOlJ9dE0t7rM06iPRJ-263tL8r6d7d9BoV72dQ7ZgHiHVmy2BjJbTzRgcDkAGYc7Hjwy2WAEABDYUiJMzECegvp8Af0YOBg:1ufSNe:PkQHppVAbZS5DiZBYlwrcKG5_-E3gAkbutwLdNJl8Q4", "expire_date": "2025-07-26T21:03:14.174"}}, {"model": "sessions.session", "pk": "qyua4ilo04n3ql7s404ojigad7k8bdkq", "fields": {"session_data": ".eJxVjDsOwyAQBe9CHSGwl49Sps8Z0LIswUkEkrErK3ePLblI2jczbxMB16WEtfMcpiSuQoO4_I4R6cX1IOmJ9dEktbrMU5SHIk_a5b0lft9O9--gYC97TaNCTCpbZ6wB5xkSO8MaHGYPmcmTjwlGNyitMWOmkazmnakBogfx-QIXzjhn:1ugbNP:kTOC6I6na1_KsdQZsmtcrmusxVchBvY2Xiuz4Xk11ow", "expire_date": "2025-07-30T00:51:43.451"}}, {"model": "sessions.session", "pk": "qzjnl1g4iqdb2aomir9rdqpug5gn9i6q", "fields": {"session_data": ".eJxVjEsOwjAMRO-SNYqSOE4QS_acoXJshxRQK_WzQtydVuoCZjnvzbxNR-vSunXWqevFXIw3p9-uED912IE8aLiPlsdhmfpid8UedLa3UfR1Pdy_g0Zz29aJFMEJU2WuUTAAY1XG4jA6X32OFRKFEBJkF7dojYCQsqignsF8vvdAN8U:1uTr2Z:Gkeu5Zw-fM-fN9CsrMOK91XbWMxNFZ9dyCth41IrYMo", "expire_date": "2025-06-24T20:57:31.952"}}, {"model": "sessions.session", "pk": "ro0fl2kf990p33ojnppauzp6r7sw5qcv", "fields": {"session_data": ".eJxVjMsOwiAQRf-FtSGUMlNw6d5vaIZhkKqBpI-V8d-1SRe6veec-1IjbWsZt0XmcUrqrCCo0-8YiR9Sd5LuVG9Nc6vrPEW9K_qgi762JM_L4f4dFFrKt0b0PXiK2GcQctgZ4wFdZ8EGkzka57jrWYZkswksDlmCYRgCeiGw6v0B5Qk3VA:1ugj3n:lIRtLXZ4_ArhLESZNZHtqi9PGisBcwFjU_qmAAuDjLQ", "expire_date": "2025-07-30T09:03:59.813"}}, {"model": "sessions.session", "pk": "ro5bed3che54qeil0uqzqn6co1zqi014", "fields": {"session_data": ".eJxVjEEOwiAQRe_C2hAoZQCX7j0DGWZAqoYmpV0Z765NutDtf-_9l4i4rTVuPS9xYnEWoMXpd0xIj9x2wndst1nS3NZlSnJX5EG7vM6cn5fD_Tuo2Ou3NgWTGaxlTQNRcBjAUQA2jIwqmeJLSiUYQDUWcoDgrUXH2o9gSXnx_gAroDig:1uh4R2:W-ThDIwlUDuoZ9IWioAq5hYG4zqLpk0s04_IY-v0S4Y", "expire_date": "2025-07-31T07:53:24.009"}}, {"model": "sessions.session", "pk": "sabkfu3m0pk7cfdy6jd1k6m23hziyj4z", "fields": {"session_data": ".eJxVjLsOAiEQAP-F2pDlEQRLe7-B7LIgpwaS464y_rshuULbmcm8RcR9q3EfeY0Li4sw4vTLCNMztyn4ge3eZeptWxeSM5GHHfLWOb-uR_s3qDjq3MIZKYDVhopilbLySoP1AYmV4QCoCzrLGAiK0V47AtYITmFylrz4fAHWijek:1ugM0d:avGO2Cy1oqhv7CH7KVtabaw_Ie8DI60jbyUW4cPMtN4", "expire_date": "2025-07-29T08:27:11.144"}}, {"model": "sessions.session", "pk": "sc8a5wfsrsf2wdn8akzniar69q34gbs4", "fields": {"session_data": ".eJxVjDkOwjAUBe_iGlneYiuU9JzB-hs4gGwpTqqIu0OkFNC-mXmbyrAuJa9d5jyxOqtg1Ol3RKCn1J3wA-q9aWp1mSfUu6IP2vW1sbwuh_t3UKCXbw1G0NmIkCJiCCNBsoNwFEFvIw3kEo8eSVJKxluKhq0huTmIlhlFvT8ktTkI:1ugLkM:MpwuHbbjnnU70ZbmYpM_Tu-RS7NfrNJHtGklWRNHWNU", "expire_date": "2025-07-29T08:10:22.284"}}, {"model": "sessions.session", "pk": "spqupzf02tdct09r8qmpylfo2t97x87o", "fields": {"session_data": "eyJfcGFzc3dvcmRfcmVzZXRfdG9rZW4iOiJjdG96ZjAtMTFjOGZiMWVkMTVjNzk2YmU5YmRjM2QwZjlmZWEyMzIifQ:1ugi1B:e6Y-4Gp1qxxe4lqEK577Pp8mDvOTv_SyldXeg9tW7TY", "expire_date": "2025-07-30T07:57:13.509"}}, {"model": "sessions.session", "pk": "t2zmstzh9ftjrplg17mjdx7qggd6gy2i", "fields": {"session_data": ".eJxVjEEOwiAQRe_C2hDKTAO4dO8ZyAwDUjU0Ke3KeHdt0oVu_3vvv1Skba1x63mJk6izsur0uzGlR247kDu126zT3NZlYr0r-qBdX2fJz8vh_h1U6vVbk0AAZI8-G4tFxIXisytoPVpwzsGYPScqwZQABSWw4WFMCGlgRFDvD-BfN7k:1ucYLW:Q1ZMjk4Tpz1F-f7rdN611TeXdaBQETVtwFSVh0F1_Mc", "expire_date": "2025-07-18T20:49:02.419"}}, {"model": "sessions.session", "pk": "tqacbnktsqks04lii1bngalim67yzi84", "fields": {"session_data": ".eJxVjDsOwjAQBe_iGln-rH-U9JzBsndtHECOFCcV4u4QKQW0b2bei8W0rS1uoyxxInZmCtjpd8wJH6XvhO6p32aOc1-XKfNd4Qcd_DpTeV4O9--gpdG-NdYABgktKZmS8V5bXWVFoYsD7WuRBp3zIEUm6cCIkH0gQ7l6Czor9v4ADwk35Q:1ufA5s:LsW54scnbzBboEmXdUyB7UQVQC4TcQcymHKKXLUZbQo", "expire_date": "2025-07-26T01:31:40.543"}}, {"model": "sessions.session", "pk": "tw5effl63yfjgsa3igp0y0w5y1nt40lo", "fields": {"session_data": ".eJxVjEsOwjAMRO-SNYqSOE4QS_acoXJshxRQK_WzQtydVuoCZjnvzbxNR-vSunXWqevFXIw3p9-uED912IE8aLiPlsdhmfpid8UedLa3UfR1Pdy_g0Zz29aJFMEJU2WuUTAAY1XG4jA6X32OFRKFEBJkF7dojYCQsqignsF8vvdAN8U:1uhaXQ:PC4g3v8ZKJmHBy_V-P-pvd4mIexRPHQrymECBRv1Bbw", "expire_date": "2025-08-01T18:10:08.178"}}, {"model": "sessions.session", "pk": "twfdnw33weuyg8yhea3r24q15mhqor3i", "fields": {"session_data": ".eJxVzMEOwiAQBNB_4WwIVOiCR-9-A9ldQKqGJqU9Gf9dmvSg13kz8xYBt7WEraUlTFFchAZx-g0J-ZnqLvGB9T5Lnuu6TCT3ijy0ydsc0-t6dP8OCrbS1y4bhAjDCKPFlLwGIs7ZOdIcjTf2DAP4bLXpxk4pJsXOUmcmDSw-XxQJOHU:1uc9Oh:TIgkLnoSpvTqYrwoT2Uun2_mkNXxaZFXcIomSJBJyMg", "expire_date": "2025-07-17T18:10:39.143"}}, {"model": "sessions.session", "pk": "ua4zt1gq5bul3r6vbg39jchl3jbe2aca", "fields": {"session_data": ".eJxVzMEOwiAQBNB_4WwIVOiCR-9-A9ldQKqGJqU9Gf9dmvSg13kz8xYBt7WEraUlTFFchAZx-g0J-ZnqLvGB9T5Lnuu6TCT3ijy0ydsc0-t6dP8OCrbS1y4bhAjDCKPFlLwGIs7ZOdIcjTf2DAP4bLXpxk4pJsXOUmcmDSw-XxQJOHU:1uhpFs:g7AhDWdXZ4R58NiDE2x5yCYD_X5T2p-kBYwjnFJDNxc", "expire_date": "2025-08-02T09:53:00.336"}}, {"model": "sessions.session", "pk": "uvp3wjp68vhmymvlqs6a3bq03i6v9pnh", "fields": {"session_data": ".eJxVzMEOwiAQBNB_4WwIVOiCR-9-A9ldQKqGJqU9Gf9dmvSg13kz8xYBt7WEraUlTFFchAZx-g0J-ZnqLvGB9T5Lnuu6TCT3ijy0ydsc0-t6dP8OCrbS1y4bhAjDCKPFlLwGIs7ZOdIcjTf2DAP4bLXpxk4pJsXOUmcmDSw-XxQJOHU:1ugT4s:nCAs8FaU5KBuy8teeCowydzaCeKOYaCzcYoz8tPonG4", "expire_date": "2025-07-29T16:00:02.252"}}, {"model": "sessions.session", "pk": "vb7vfsirn5ivp9hq6afxws8ogvac5ajm", "fields": {"session_data": ".eJxVjEEOwiAQRe_C2hAoBQaX7nsGMgODrRqalHZlvLsh6UK3_7333yLisc_xaLzFJYurGAZx-R0J05NrJ_mB9b7KtNZ9W0h2RZ60yWnN_Lqd7t_BjG3u9aBKAhtMAAicDBUcmZ3WxmrDOhivwCqF1lEg7wC5eCRlQRGNuYD4fAH57Tfh:1ucVHE:6dhdsenMiOwXnyFPPtrzEDJ3oD5QDrzHpZVcn34Ch1s", "expire_date": "2025-07-18T17:32:24.473"}}, {"model": "sessions.session", "pk": "vhgqc238ir4lifsqellqsjquwaelrvox", "fields": {"session_data": ".eJxVjEEOwiAQRe_C2hBAKOjSfc9AZphBqgaS0q6Md7dNutDtf-_9t4iwLiWunec4kbgKZ8Tpd0RIT647oQfUe5Op1WWeUO6KPGiXYyN-3Q7376BAL1utDWKwoBHOwMo7BfZikDNzCNr7jYRM6AcEBqsos4XkDeVgyeGQtPh8ASkxOUU:1ugWOR:5ju19zGIt-gwE-xAEMOlgHQlZgJVnglKBnPu4wyBdp4", "expire_date": "2025-07-29T19:32:27.291"}}, {"model": "sessions.session", "pk": "vhkgjd175n4hb5mq5dpcqmk2twf47a00", "fields": {"session_data": ".eJxVjMsOwiAQRf-FtSHDm7p07zcQhgGpGkhKuzL-uzbpQrf3nHNfLMRtrWEbeQkzsTMTip1-R4zpkdtO6B7brfPU27rMyHeFH3Twa6f8vBzu30GNo37rPAFCclCyzpGUUSC8cEUSWJTFKkFGWgFgLZKWfvIGScmii3NFO0L2_gD5czed:1uiw1r:8ybrrX110hxKWjdFMYetMVh93VPWOo5GaYjFrLum7jI", "expire_date": "2025-08-05T11:19:07.956"}}, {"model": "sessions.session", "pk": "vtlw1ttj75l7n87c4yp7og5t98rq5cin", "fields": {"session_data": ".eJxVjDsOwjAQBe_iGlmO4y8lPWew1t5dHECOFCcV4u4QKQW0b2beSyTY1pq2TkuaUJyFc-L0O2YoD2o7wTu02yzL3NZlynJX5EG7vM5Iz8vh_h1U6PVbZywWs9eoQrHReDaRwOahRDcoUt5ZZjPG4r3TxIHAIYwQmFlHtJnF-wMl4zkb:1uhScG:0PodnCPHa49FqRWeoXxHKciKj-hBlhzVvp7pHnyIPj0", "expire_date": "2025-08-01T09:42:36.447"}}, {"model": "sessions.session", "pk": "vwuy6vhauk1ftc7qeqm6fzd3fdp6sz6o", "fields": {"session_data": "eyJfcGFzc3dvcmRfcmVzZXRfdG9rZW4iOiJjdHNvcmctNjExN2E2MjNhZjZhNjJjOWFmYWExYjhkMzliMmNkNzAifQ:1uhQya:BrwbLS36ccFL8VEOCD4U-PoICfQjTTNu5g4qrKSNSeg", "expire_date": "2025-08-01T07:57:32.726"}}, {"model": "sessions.session", "pk": "vytf93b5iux9fmor8pcnmiffg8x9sx9x", "fields": {"session_data": ".eJxVjDsOwjAQBe_iGlmO4y8lPWew1t5dHECOFCcV4u4QKQW0b2beSyTY1pq2TkuaUJyFc-L0O2YoD2o7wTu02yzL3NZlynJX5EG7vM5Iz8vh_h1U6PVbZywWs9eoQrHReDaRwOahRDcoUt5ZZjPG4r3TxIHAIYwQmFlHtJnF-wMl4zkb:1uhUrA:toXCkpkhmg6KOZDEhjTNPo8Esgjf4XfX2ANcyi8Twn0", "expire_date": "2025-08-01T12:06:08.527"}}, {"model": "sessions.session", "pk": "w0h43g9lyjtycqjsaj7cg6ceb1vjzcpc", "fields": {"session_data": ".eJxVjEsOwiAUAO_C2hBKeXxcuvcM5MEDqRpISrsy3l1JutDtzGRezOO-Fb_3tPqF2JnNwE6_MGB8pDoM3bHeGo-tbusS-Ej4YTu_NkrPy9H-DQr2Mr5RyEhWkJSTSjmBI5cdaS2ckRa_RCnKKOfsQJOSGlQOGk2aDFiYA3t_ABIOOCI:1ufM6f:pUCxQi8ISiIF7Wd6dXfUuD5FjoVT7e3fc1UHktw7Hw4", "expire_date": "2025-07-26T14:21:17.976"}}, {"model": "sessions.session", "pk": "xfomt3kupvrojkmifrwgjrsog1zq8cyi", "fields": {"session_data": ".eJxVjEEOwiAQRe_C2hCmUCAu3XsGMgyDVA0kpV0Z764kXeju57-X9xIB962EvfMaliTOYgZx-j0j0oPrIOmO9dYktbqtS5RDkQft8toSPy-H-xco2MvoWkoEComBcvZaJQMTWhU1Eytt8uw0eAZv2WRrv0MpZnJTAu3QoXh_ABxYOFA:1ugWMs:6kwI6kCxLeoHXGKTsQbH9woPyHbhi-HFMEHzzE1g-PY", "expire_date": "2025-07-29T19:30:50.012"}}, {"model": "sessions.session", "pk": "xhqgjl3xmo35zw8dxsjl5k52hvaonqbl", "fields": {"session_data": ".eJxVjEsOwjAMRO-SNYqSOE4QS_acoXJshxRQK_WzQtydVuoCZjnvzbxNR-vSunXWqevFXIw3p9-uED912IE8aLiPlsdhmfpid8UedLa3UfR1Pdy_g0Zz29aJFMEJU2WuUTAAY1XG4jA6X32OFRKFEBJkF7dojYCQsqignsF8vvdAN8U:1ubT6g:UKxNLGfUjtn6AQYTwdapdvu-jIRT1wcHjrbEEthlKnI", "expire_date": "2025-07-15T21:01:14.262"}}, {"model": "sessions.session", "pk": "xkyi7hy9z3bd1giyy4qie2frn5lnido3", "fields": {"session_data": ".eJxVjMsOwiAQRf-FtSGF4TF16d5vIAwDUjU0Ke3K-O_apAvd3nPOfYkQt7WGreclTCzOwlpx-h0ppkduO-F7bLdZprmty0RyV-RBu7zOnJ-Xw_07qLHXb6218ooUGShojCdAh2BcYi5pHD0WFzlFZHJOadQlw6BhSJ60dWDQivcH8z03VQ:1uhcmQ:PFKlGYV4--td9tn_Q3DWJ4hSeg9_zmV1bK-tFIhU7XU", "expire_date": "2025-08-01T20:33:46.051"}}, {"model": "sessions.session", "pk": "xoxa9gfp8jeyuu95kkv9gqnrg1th7f9g", "fields": {"session_data": ".eJxVjEEOgjAQRe_StWlKy5TRpXvOQGY6U4saSCisjHdXEha6_e-9_zIDbWsZtqrLMIq5GEBz-h2Z0kOnncidptts0zyty8h2V-xBq-1n0ef1cP8OCtXyrV0-g1OmKNgE8igxRB9YOGb02AWnsYUWsPGMzmUFztA1KasAduqjeX8A_UQ3uA:1ugiF0:l07mJKnP-0QgzIYIdAQd_LW_UgFfGsjQcNL_s4GQCXs", "expire_date": "2025-07-30T08:11:30.565"}}, {"model": "sessions.session", "pk": "y3g8hx8csnqo0k9ftmwwtybiaui0238q", "fields": {"session_data": ".eJxVjDsOwjAQBe_iGln5rWNT0nOG6G12TQLIluKkQtwdIqWA9s3Me5kB2zoNW9FlmMWcTUPm9Dsyxoemncgd6ZbtmNO6zGx3xR602GsWfV4O9-9gQpm-NVpPtbgYpHOewOiA4MNInmPo0TeVgMT3YFWu4TR60oqcQBHrlsz7AyYkOTU:1ud936:cYx8jK-d4OEmECJm2jAImve1SmaX1D62P86ioZtb79I", "expire_date": "2025-07-20T12:00:28.574"}}, {"model": "sessions.session", "pk": "ydtgpu8aj914m1hnb6pfvtzqyrjw6z74", "fields": {"session_data": ".eJxVjMsOwiAQAP-FsyELyMujd7-BLN1FqoYmpT0Z_92Q9KDXmcm8RcJ9q2nvvKaZxEVYJ06_MOP05DYMPbDdFzktbVvnLEciD9vlbSF-XY_2b1Cx1_GFoJR1GApFb1ih8oFtLKiNd6wjR6sBqGg0DsjC2UbNDjI5mDyjEZ8v5uM3TA:1ugWwB:OdG1toTe3iH1Hb326BKv16Dr86zhdAjIO3qTD6nV1M0", "expire_date": "2025-07-29T20:07:19.213"}}, {"model": "sessions.session", "pk": "yn0igljh0ejpcgg9xip88fkikdd4w3ps", "fields": {"session_data": ".eJxVjEEOwiAQRe_C2hAoBQaX7nsGMgODrRqalHZlvLsh6UK3_7333yLisc_xaLzFJYurGAZx-R0J05NrJ_mB9b7KtNZ9W0h2RZ60yWnN_Lqd7t_BjG3u9aBKAhtMAAicDBUcmZ3WxmrDOhivwCqF1lEg7wC5eCRlQRGNuYD4fAH57Tfh:1ucVGh:uQo_grfZtroXMHBQ5jP_EJkxIN0MG_JGrzcpAGNdd1Y", "expire_date": "2025-07-18T17:31:51.755"}}, {"model": "sessions.session", "pk": "yrlovo6e54tat91us5jes3po6ehrnszc", "fields": {"session_data": ".eJxVjEEOwiAQRe_C2hCYUqAu3XsGMjCDVA0kpV0Z765NutDtf-_9lwi4rSVsnZcwkzgLC-L0O0ZMD647oTvWW5Op1XWZo9wVedAur434eTncv4OCvXzrcRqYtdWaowOlk4PBwGiVR2avHTOAQsqZTEZjnQfUcSJnlRmUoWTE-wPybDeZ:1uh4hY:35ArG71Cc-79P6uL74DfMVC-EqIKu9-oyFSNff60KKQ", "expire_date": "2025-07-31T08:10:28.402"}}, {"model": "sessions.session", "pk": "ys7j1u0hxgm0e2jdxqdd2i0xss8uswke", "fields": {"session_data": ".eJxVjDsOwjAQBe_iGln-rH-U9JzBsndtHECOFCcV4u4QKQW0b2bei8W0rS1uoyxxInZmCtjpd8wJH6XvhO6p32aOc1-XKfNd4Qcd_DpTeV4O9--gpdG-NdYABgktKZmS8V5bXWVFoYsD7WuRBp3zIEUm6cCIkH0gQ7l6Czor9v4ADwk35Q:1ucasO:XdVlbNnwPtQcRQNbVDy9CmDjBp7aNd7bgSUOSl80ds8", "expire_date": "2025-07-18T23:31:08.205"}}, {"model": "sessions.session", "pk": "yuc123zr97xgohv4djwwvtt80pf7pyx7", "fields": {"session_data": ".eJxVjDsOwjAQBe_iGlnrz3oJJX3OYK1_OIAcKU4qxN0hUgpo38y8l_C8rdVvPS9-SuIilBOn3zFwfOS2k3TndptlnNu6TEHuijxol-Oc8vN6uH8HlXv91pqghAiIVnFyRkcyCWEAcA7RsUUTyLAi4AHIZFXy2VlFEXWKuYAW7w_alzcA:1uc8iS:7OVRZhI_snKlE0mR7eSa_6Q_GYZLXZhnjjwjRYMjFLs", "expire_date": "2025-07-17T17:27:00.583"}}, {"model": "sessions.session", "pk": "z63slxtw7e2sqp7b76ehg4lepkenkc08", "fields": {"session_data": ".eJxVjMsOwiAQRf-FtSG8Cy7d-w1khgGpGkhKuzL-uzbpQrf3nHNfLMK21riNvMSZ2JkZyU6_I0J65LYTukO7dZ56W5cZ-a7wgw5-7ZSfl8P9O6gw6rfOwRM6YbLU1mg0etLgvCErlC2CkKwJRTlnJWoBlIr3agpCWtRJgSD2_gDtCjdo:1ugM3E:KjmlA1kU4EH-Fa7PIchK1b9Xhl5JgiYYzCAxnue1hkU", "expire_date": "2025-07-29T08:29:52.437"}}, {"model": "sessions.session", "pk": "z6md8dzr0izxhc30j6us916cb5ftyh5y", "fields": {"session_data": ".eJxVjEsOwjAMRO-SNYqSOE4QS_acoXJshxRQK_WzQtydVuoCZjnvzbxNR-vSunXWqevFXIw3p9-uED912IE8aLiPlsdhmfpid8UedLa3UfR1Pdy_g0Zz29aJFMEJU2WuUTAAY1XG4jA6X32OFRKFEBJkF7dojYCQsqignsF8vvdAN8U:1ugTNq:ZVlWgT2syRAMamz1kdsJnZkftIYbJRLwnzPLmFltZ8g", "expire_date": "2025-07-29T16:19:38.390"}}, {"model": "sessions.session", "pk": "z740ogr2b8nbnoqhlz00nlli23e0fzdu", "fields": {"session_data": ".eJxVjDEOAiEQRe9CbQgCA2Jp7xkIwwyyaiBZdivj3XWTLbT9773_EjGtS43r4DlOJM7CGnH4HTHlB7eN0D21W5e5t2WeUG6K3OmQ1078vOzu30FNo35rRYotFxcCBIaSjTmy5wzgSYMCh0jkTLGYkQoDZFA-aPAn1Jo9FPH-ABxPOIA:1ugME9:lsmZEIys_17WWap-mifSwg_0C-Qo30MfpirRgrZ8ZKU", "expire_date": "2025-07-29T08:41:09.539"}}, {"model": "sessions.session", "pk": "zd3hqjrmzjvsyjkhn55jj8mrbdtfbxdr", "fields": {"session_data": "eyJfcGFzc3dvcmRfcmVzZXRfdG9rZW4iOiJjdHJsemYtYTFmOGNhMjRkOGM1ZGY2ZDkxZmQ5NDM4NGMyODcyYjQifQ:1uhDu0:7nqxNu8ljHjHbtnwwAhqsP0yGu_wzrBkF500t1ofLe4", "expire_date": "2025-07-31T17:59:56.583"}}, {"model": "sessions.session", "pk": "zex31lyvvjpxqz42uwih2ximzfewjeo0", "fields": {"session_data": ".eJxVjE0OgjAYBe_StWlKsaV16Z4zkO9XUFMSCivj3ZWEhW7fzLyXGWBbx2GrsgwTm4tpzOl3Q6CHlB3wHcpttjSXdZnQ7oo9aLX9zPK8Hu7fwQh1_NYJ2LMPkLK0DbdnZcgYlTKFTOoYtetc4hTQCSm2GCkpqgdBgAjZvD8Y2Tnq:1uRs0C:YBYa_eYtarj-jUeIcR0SWRveC_b_rH3_cbnAfcNsSHI", "expire_date": "2025-06-19T09:34:52.663"}}, {"model": "sessions.session", "pk": "zl77fyvxan9big35kskfmr6uu62x0a88", "fields": {"session_data": "eyJfcGFzc3dvcmRfcmVzZXRfdG9rZW4iOiJjdHJsemYtYTFmOGNhMjRkOGM1ZGY2ZDkxZmQ5NDM4NGMyODcyYjQifQ:1uhDu0:7nqxNu8ljHjHbtnwwAhqsP0yGu_wzrBkF500t1ofLe4", "expire_date": "2025-07-31T17:59:56.736"}}, {"model": "sessions.session", "pk": "zwgeq3nlnmwunc8hlezinn3cav8ixkn1", "fields": {"session_data": ".eJxVjDsOwyAQBe9CHSFY83PK9D4DgoUNTiKQjF1FuXtsyUXSvpl5b-bDtha_9bz4ObErs5JdfscY8JnrQdIj1Hvj2Oq6zJEfCj9p51NL-XU73b-DEnrZ6xEJlTNOObAqmqhJh2hICpeNpQESAaB2AQaLoEiMYkC3u2ClyJEM-3wB_6U3ig:1uix9C:urmOpr8-kvo6aHRJo4kHIy9kkVPToJLOTy6c4NGp9Hg", "expire_date": "2025-08-05T12:30:46.499"}}, {"model": "sessions.session", "pk": "zyqvjcsvo5p31a2rbduned160vxwmdgf", "fields": {"session_data": ".eJxVjDsOwjAQBe_iGlnrz3oJJX3OYK1_OIAcKU4qxN0hUgpo38y8l_C8rdVvPS9-SuIilBOn3zFwfOS2k3TndptlnNu6TEHuijxol-Oc8vN6uH8HlXv91pqghAiIVnFyRkcyCWEAcA7RsUUTyLAi4AHIZFXy2VlFEXWKuYAW7w_alzcA:1uc8eC:bJhM5PtfNP2RVbomEnuKcLugx-SoCIv9QtsDittlC5k", "expire_date": "2025-07-17T17:22:36.636"}}, {"model": "sessions.session", "pk": "zzpbzatjdnkiik5qegqivza81s8yngq5", "fields": {"session_data": ".eJxVjEsOwjAMRO-SNYqSOE4QS_acoXJshxRQK_WzQtydVuoCZjnvzbxNR-vSunXWqevFXIw3p9-uED912IE8aLiPlsdhmfpid8UedLa3UfR1Pdy_g0Zz29aJFMEJU2WuUTAAY1XG4jA6X32OFRKFEBJkF7dojYCQsqignsF8vvdAN8U:1uc9qL:Iq7v8U8XDs3-qCbuPp7P4SYQaj4iYIrsgLMlG69WcS8", "expire_date": "2025-07-17T18:39:13.007"}}, {"model": "atestado_manual.atestadomanual", "pk": 6, "fields": {"pessoa": 3, "atividade": "Desenvolvimento do Sistema de Gestão de Eventos UFN", "instituicao": "LABORATÓRIO DE PRÁTICAS COMPUTAÇÃO UFN", "data_inicio": "2024-08-06", "data_fim": "2024-12-15", "responsavel": "ALEXANDRE DE OLIVEIRA ZAMBERLAN", "carga_horaria": "40", "codigo_matricula": "a32700857e848129", "is_active": true, "slug": "d82dd5c4a60d88ad563ed27713bb8d5bfde1c2141443d34ed885e9699316d408"}}, {"model": "atestado_manual.atestadomanual", "pk": 7, "fields": {"pessoa": 17, "atividade": "Desenvolvimento do Sistema de Gestão de Eventos da UFN", "instituicao": "LABORATÓRIO DE PRÁTICAS COMPUTAÇÃO UFN", "data_inicio": "2025-05-10", "data_fim": "2025-07-11", "responsavel": "ALEXANDRE DE OLIVEIRA ZAMBERLAN", "carga_horaria": "60", "codigo_matricula": "c440b6d34df34551", "is_active": true, "slug": "eadbb90493f1133a2543fdcf6686f60daa949849d709a2ed86e8448b6491ab49"}}, {"model": "atestado_manual.atestadomanual", "pk": 8, "fields": {"pessoa": 25, "atividade": "Desenvolvimento do Sistema de Gestão de Eventos UFN", "instituicao": "LABORATÓRIO DE PRÁTICAS COMPUTAÇÃO UFN", "data_inicio": "2025-05-04", "data_fim": "2025-07-11", "responsavel": "ALEXANDRE DE OLIVEIRA ZAMBERLAN", "carga_horaria": "60", "codigo_matricula": "76c54ef866a32619", "is_active": true, "slug": "9dca2bfedd706baa55a410dee4f434d17d018d898bf7e76166111ee0fd9bd9e6"}}, {"model": "atestado_manual.atestadomanual", "pk": 9, "fields": {"pessoa": 2, "atividade": "Desenvolvimento do Sistema de Gestão de Eventos UFN", "instituicao": "LABORATÓRIO DE PRÁTICAS COMPUTAÇÃO UFN", "data_inicio": "2024-08-05", "data_fim": "2025-07-11", "responsavel": "ALEXANDRE DE OLIVEIRA ZAMBERLAN", "carga_horaria": "80", "codigo_matricula": "87148b9ce549312a", "is_active": true, "slug": "64d1e6e18034ecde0596a4f7eb6fa87652872b75741d155623bba37285e010aa"}}, {"model": "atestado_manual.atestadomanual", "pk": 10, "fields": {"pessoa": 49, "atividade": "Desenvolvimento do Sistema de Gestão de Eventos da UFN", "instituicao": "LABORATÓRIO DE PRÁTICAS COMPUTAÇÃO UFN", "data_inicio": "2025-06-20", "data_fim": "2025-07-11", "responsavel": "ALEXANDRE DE OLIVEIRA ZAMBERLAN", "carga_horaria": "20", "codigo_matricula": "56e5273ab7ec5c8b", "is_active": true, "slug": "4bdb78004976527c6782d18f1ebba8b56e81d325b58017a0b7d284d39ac9b480"}}, {"model": "atestado_manual.atestadomanual", "pk": 11, "fields": {"pessoa": 62, "atividade": "Desenvolvimento do Sistema de Gestão de Eventos UFN", "instituicao": "LABORATÓRIO DE PRÁTICAS COMPUTAÇÃO UFN", "data_inicio": "2025-03-10", "data_fim": "2025-07-11", "responsavel": "ALEXANDRE DE OLIVEIRA ZAMBERLAN", "carga_horaria": "60", "codigo_matricula": "b057f0f4ebf32fdc", "is_active": true, "slug": "a1281aad77f13175e572a697ed40c65be12f6b0c6995bf5c36da1914df8e35a7"}}, {"model": "aviso.aviso", "pk": 2, "fields": {"titulo": "DEBIAN DAY SANTA MARIA - 2025", "texto": "Data: 07/08/2025\r\nHora: 9h30min\r\nLocal: Salão Azul - Conjunto I - UFN", "data": "2025-07-28", "destinatario": "TODOS", "enviado": false, "is_active": true, "slug": "5edb8694d836fd2c7deff50de674c01706c14f006e7a15c06f8de68fa7f08ab8"}}, {"model": "evento.evento", "pk": 2, "fields": {"nome": "DEBIAN DAY SANTA MARIA - 2025", "descricao": "Evento mundial para divulgação e conscientização do sistema operacional Debian.", "tipo": 1, "site": "https://lapinf.ufn.edu.br", "grupo": "CURSO CIÊNCIA DA COMPUTAÇÃO", "instituicao": 1, "data_inicio": "2025-08-07", "hora_inicio": "09:30:00", "coordenador": 5, "email": null, "data_inscricao": "2025-08-07", "carga_horaria": "3", "local": "Salão Azul do Prédio 3", "lotacao": "120", "frequencia_liberada": false, "codigo_frequencia": "ufn2025", "is_active": true, "slug": "134e5c400e0bd6bfadff0ae4ee82708ffba5ce349db200027fc92f44dcdd3819", "ministrantes": [10]}}, {"model": "evento.evento", "pk": 3, "fields": {"nome": "EXPLORANDO O MUNDO COM ROBÔS: ESTRATÉGIAS PARA APLICAÇÃO EM AMBIENTES COMPLEXOS E DESAFIADORES", "descricao": "Palestra de divulgação sobre Percepção e Visão Computacional em Robótica", "tipo": 1, "site": "https://lapinf.ufn.edu.br", "grupo": "CURSO CIÊNCIA DA COMPUTAÇÃO", "instituicao": 1, "data_inicio": "2025-05-23", "hora_inicio": "08:30:00", "coordenador": 5, "email": null, "data_inscricao": "2025-05-23", "carga_horaria": "2", "local": "Salão Azul do Prédio 3", "lotacao": "120", "frequencia_liberada": false, "codigo_frequencia": "robotica", "is_active": false, "slug": "e9c86f5f46872c5f57ba244fc6816563b9c2a30bdd014d4b1b9a3e1d1539a578", "ministrantes": [12]}}, {"model": "frequencia.frequencia", "pk": 3, "fields": {"inscricao": 9, "data_hora_frequencia": "2025-07-16T18:21:15.054", "codigo_frequencia": null, "slug": "fd141456f5c2ac5eec233076cd28ca281b340177bcaa239317c0bafcc92225b1"}}, {"model": "frequencia.frequencia", "pk": 4, "fields": {"inscricao": 4, "data_hora_frequencia": "2025-07-16T18:21:19.616", "codigo_frequencia": null, "slug": "285129efa731b74045bf30f47d4f287cb0d24eba76b89d4be2ea2d9738403bab"}}, {"model": "frequencia.frequencia", "pk": 5, "fields": {"inscricao": 5, "data_hora_frequencia": "2025-07-16T18:21:25.001", "codigo_frequencia": null, "slug": "cf1e2837c4e71257f0ad39c0c437844d5d725c9646f858578a82e3e7e7e8efe9"}}, {"model": "frequencia.frequencia", "pk": 6, "fields": {"inscricao": 6, "data_hora_frequencia": "2025-07-16T18:21:30.020", "codigo_frequencia": null, "slug": "748498f32c0cbaafdb4928205484c85c20a53587c53abe6edf861c1428e92914"}}, {"model": "frequencia.frequencia", "pk": 7, "fields": {"inscricao": 10, "data_hora_frequencia": "2025-07-16T18:21:39.791", "codigo_frequencia": null, "slug": "39d4d98fadd4415bf2126d774728b74c1d3bd4ec2c7acd25248620f2acfd95b7"}}, {"model": "frequencia.frequencia", "pk": 8, "fields": {"inscricao": 7, "data_hora_frequencia": "2025-07-16T18:21:44.858", "codigo_frequencia": null, "slug": "4d461484d8d46f1959d66830ba4c84678eef46be2c7662ba8ab7406174d81b0d"}}, {"model": "frequencia.frequencia", "pk": 9, "fields": {"inscricao": 8, "data_hora_frequencia": "2025-07-16T18:21:50.064", "codigo_frequencia": null, "slug": "bbeffd1c4e58c65fabfb83c99751a85cf9f2170b99a3e2036146a813f5074601"}}, {"model": "frequencia.frequencia", "pk": 10, "fields": {"inscricao": 11, "data_hora_frequencia": "2025-07-16T18:27:30.569", "codigo_frequencia": null, "slug": "fa8cb5aa8a64fc98eb4140eae0933fbd36a67e82d66d3dda36a40a7c1825f75a"}}, {"model": "frequencia.frequencia", "pk": 11, "fields": {"inscricao": 12, "data_hora_frequencia": "2025-07-16T18:27:49.283", "codigo_frequencia": null, "slug": "07e31bb0290cd23559688e581337a3d446a5d171cda8627fa3c77f819e394b82"}}, {"model": "frequencia.frequencia", "pk": 12, "fields": {"inscricao": 13, "data_hora_frequencia": "2025-07-16T18:28:14.660", "codigo_frequencia": null, "slug": "140819c3c0045ba06dd4a8f51cba49a624182e5aab9f8c3095b5344b56bf2f5f"}}, {"model": "frequencia.frequencia", "pk": 13, "fields": {"inscricao": 15, "data_hora_frequencia": "2025-07-16T21:09:30.449", "codigo_frequencia": null, "slug": "7861ff91b8de8d851485929eb27a0e94771cd7eef70e64f26e01e19a28deb975"}}, {"model": "frequencia.frequencia", "pk": 15, "fields": {"inscricao": 19, "data_hora_frequencia": "2025-07-26T15:34:46.417", "codigo_frequencia": null, "slug": "d42bf7519b5f5e140ecc5a497d192f028f03d04645a39c794c70d8dd493ae67b"}}, {"model": "frequencia.frequencia", "pk": 16, "fields": {"inscricao": 20, "data_hora_frequencia": "2025-07-26T15:34:55.835", "codigo_frequencia": null, "slug": "97d4a2b0246f8da7b8f233aab9210e1f093350ed46238c95b412d6659c4b2ab6"}}, {"model": "frequencia.frequencia", "pk": 17, "fields": {"inscricao": 18, "data_hora_frequencia": "2025-07-26T15:36:39.430", "codigo_frequencia": null, "slug": "e5e7cdb3409ae8e5697d1c9835fcbed3e350bb36742067f7ea2a4cb500ed5e6e"}}, {"model": "frequencia.frequencia", "pk": 18, "fields": {"inscricao": 21, "data_hora_frequencia": "2025-07-26T15:36:46.133", "codigo_frequencia": null, "slug": "ba641ee86683ef671d481890d26ab1c7a1670a4e08d2d5d50f3c3389c83dc239"}}, {"model": "frequencia.frequencia", "pk": 19, "fields": {"inscricao": 22, "data_hora_frequencia": "2025-07-26T15:36:53.028", "codigo_frequencia": null, "slug": "a7e11adeb9928f9477fd5577eea88242984513c40cc80af39cc2c77ec04ad2b6"}}, {"model": "frequencia.frequencia", "pk": 20, "fields": {"inscricao": 23, "data_hora_frequencia": "2025-07-26T15:37:08.748", "codigo_frequencia": null, "slug": "05ad09066f5b8961021c9aaa0fcfaae794f3bb7c3f63cdad31081ddaae2635e4"}}, {"model": "frequencia.frequencia", "pk": 21, "fields": {"inscricao": 25, "data_hora_frequencia": "2025-07-26T15:37:18.901", "codigo_frequencia": null, "slug": "545a19abedaf0e835451d3ede887551d101e6072046a6bfc7de97439e6c21287"}}, {"model": "frequencia.frequencia", "pk": 22, "fields": {"inscricao": 24, "data_hora_frequencia": "2025-07-26T15:37:28.890", "codigo_frequencia": null, "slug": "152bdcb53b1c71e33418c583ed0d5c9ebc6b23d9106dc70dd98a70d04c71a692"}}, {"model": "frequencia.frequencia", "pk": 23, "fields": {"inscricao": 16, "data_hora_frequencia": "2025-07-26T15:37:41.516", "codigo_frequencia": null, "slug": "4282ecd09b4fb5564d5205fad19947b66d0bef3669fa30de392b1602f405f45d"}}, {"model": "frequencia.frequencia", "pk": 24, "fields": {"inscricao": 26, "data_hora_frequencia": "2025-07-26T15:40:53.209", "codigo_frequencia": null, "slug": "73a1e303c56e883721661585f39d15549536f6f8967cd2c378b2c9d0d22c0250"}}, {"model": "frequencia.frequencia", "pk": 25, "fields": {"inscricao": 51, "data_hora_frequencia": "2025-07-28T11:25:42.959", "codigo_frequencia": null, "slug": "02aa2f90246a9f0dd4806559d1732673acf846ad4f13c377ce3100160ee0eb12"}}, {"model": "frequencia.frequencia", "pk": 26, "fields": {"inscricao": 40, "data_hora_frequencia": "2025-07-28T11:25:54.634", "codigo_frequencia": null, "slug": "e245f4d7fea42133d03d1f2d39f4ff42ecd19b77cde41d10dc8f0b76b3ecb10c"}}, {"model": "frequencia.frequencia", "pk": 27, "fields": {"inscricao": 50, "data_hora_frequencia": "2025-07-28T11:26:04.752", "codigo_frequencia": null, "slug": "3873de0b68a6137ebe69314a52125190548150198c755b61e798103ea233679e"}}, {"model": "frequencia.frequencia", "pk": 28, "fields": {"inscricao": 36, "data_hora_frequencia": "2025-07-28T11:26:19.446", "codigo_frequencia": null, "slug": "1bfb2a9ab22b88e1c539003155322af3deb1ed76621bc5c15ded71dc9e541a7b"}}, {"model": "frequencia.frequencia", "pk": 29, "fields": {"inscricao": 47, "data_hora_frequencia": "2025-07-28T11:27:09.827", "codigo_frequencia": null, "slug": "94f0e7e5b67e086306257d1be87aa13522ba1bbd838ec3e15143fafa91d0ae8c"}}, {"model": "frequencia.frequencia", "pk": 30, "fields": {"inscricao": 32, "data_hora_frequencia": "2025-07-28T11:27:19.094", "codigo_frequencia": null, "slug": "9990cea3fa5755cf20ef087b84cb47864f1da9c04a77d8ee1ce501aed85deea8"}}, {"model": "frequencia.frequencia", "pk": 31, "fields": {"inscricao": 48, "data_hora_frequencia": "2025-07-28T11:27:29.457", "codigo_frequencia": null, "slug": "158404d4055ee1691d59037d5631d3fcf5d0cd5f74cf086fe325352603184cd6"}}, {"model": "frequencia.frequencia", "pk": 32, "fields": {"inscricao": 49, "data_hora_frequencia": "2025-07-28T11:28:00.035", "codigo_frequencia": null, "slug": "8857c2550f0b1d69d2dafbc6eba410b062d63edf6804910f3da982f877c155dc"}}, {"model": "frequencia.frequencia", "pk": 33, "fields": {"inscricao": 53, "data_hora_frequencia": "2025-07-28T16:05:33.143", "codigo_frequencia": null, "slug": "c2702fa5017ef630646fcc43678e6742e36d650d1f0229561afdf0a3e424b847"}}, {"model": "frequencia.frequencia", "pk": 34, "fields": {"inscricao": 54, "data_hora_frequencia": "2025-07-28T16:18:28.842", "codigo_frequencia": null, "slug": "5dbba2ae5ac5171f09c1dd0bc5a9b983ddb8759c89afc09b20e46838334df88b"}}, {"model": "instituicao.instituicao", "pk": 1, "fields": {"nome": "UNIVERSIDADE FRANCISCANA", "sigla": "UFN", "pais": "BRASIL", "estado": "RS", "cidade": "SANTA MARIA", "is_active": true, "slug": "3758e7047631839a8497238626e0f1c1a858256a6c8c4f5a78a496be4bb5858a"}}, {"model": "inscricao.inscricao", "pk": 4, "fields": {"participante": 16, "evento": 3, "data_hora_inscricao": "2025-07-16T18:15:08.963", "codigo_matricula": "eaf5f9629583865d", "is_active": true, "slug": "6b84a45eeca916cead95cdf25cd5006b85b89f5d28b309e26b6769a65b69d9d5"}}, {"model": "inscricao.inscricao", "pk": 5, "fields": {"participante": 3, "evento": 3, "data_hora_inscricao": "2025-07-16T18:16:36.029", "codigo_matricula": "c55ec389b6dfc1d9", "is_active": true, "slug": "721b0b6a2abb790484b53af9b48d8adc62b122cffe1e9f33710d37cc7c3232b8"}}, {"model": "inscricao.inscricao", "pk": 6, "fields": {"participante": 14, "evento": 3, "data_hora_inscricao": "2025-07-16T18:17:08.470", "codigo_matricula": "6a9b281efcb82a3c", "is_active": true, "slug": "4f39578d22ead25baa93b713344416edc23ed4c42d90456fbef5a9054aee1ff0"}}, {"model": "inscricao.inscricao", "pk": 7, "fields": {"participante": 17, "evento": 3, "data_hora_inscricao": "2025-07-16T18:17:54.282", "codigo_matricula": "bc0eed83e3bbd292", "is_active": true, "slug": "6c2343adae5594af03d1cfecda837c490af1ef0fd9a460e21fab6f53eb36c757"}}, {"model": "inscricao.inscricao", "pk": 8, "fields": {"participante": 2, "evento": 3, "data_hora_inscricao": "2025-07-16T18:18:32.164", "codigo_matricula": "a2f85acb325be024", "is_active": true, "slug": "c3735e4058c2c0a1ef3c544aa044140d94d5006256daed933bdc73cabcea3037"}}, {"model": "inscricao.inscricao", "pk": 9, "fields": {"participante": 1, "evento": 3, "data_hora_inscricao": "2025-07-16T18:19:48.169", "codigo_matricula": "be27fe39c82561ab", "is_active": true, "slug": "5c2c31068d9dab5cd422b662dad41e029822c904b5e6673e19e91a54b6ff8caf"}}, {"model": "inscricao.inscricao", "pk": 10, "fields": {"participante": 13, "evento": 3, "data_hora_inscricao": "2025-07-16T18:20:47.369", "codigo_matricula": "0015b145af1aa82e", "is_active": true, "slug": "5b708d23e6c3a62d7b22a77d3a18e08aca259fef5b5fd7cc02bb99125d5552e8"}}, {"model": "inscricao.inscricao", "pk": 11, "fields": {"participante": 6, "evento": 3, "data_hora_inscricao": "2025-07-16T18:27:24.404", "codigo_matricula": "eace17ebb6210724", "is_active": true, "slug": "3b0e021c1427f74717fd83feacfcde1fe50a5ff772aa27ddc5ab162d062fe9c7"}}, {"model": "inscricao.inscricao", "pk": 12, "fields": {"participante": 5, "evento": 3, "data_hora_inscricao": "2025-07-16T18:27:42.760", "codigo_matricula": "37d81a7f7afabb25", "is_active": true, "slug": "edcb5b591007b1354f5255a96384cdb3717af28d2905c0e825852ea03c4b53e6"}}, {"model": "inscricao.inscricao", "pk": 13, "fields": {"participante": 7, "evento": 3, "data_hora_inscricao": "2025-07-16T18:28:07.579", "codigo_matricula": "0b9da582b6599be2", "is_active": true, "slug": "b36e86967a9a9e835d9fe3d4d459f346c09add4ef4c36d2cf97ff5742c4cf490"}}, {"model": "inscricao.inscricao", "pk": 15, "fields": {"participante": 18, "evento": 3, "data_hora_inscricao": "2025-07-16T21:09:23.942", "codigo_matricula": "0ecb3c37a73f8434", "is_active": true, "slug": "b4a0c31b6ebf718e70c7e06fca7a75361f0080ea7ec6536e0aea6f1f6bdf7a8c"}}, {"model": "inscricao.inscricao", "pk": 16, "fields": {"participante": 23, "evento": 3, "data_hora_inscricao": "2025-07-17T20:09:43.342", "codigo_matricula": "eb9ef1c8c2720870", "is_active": true, "slug": "891a6618f083bdd5fa7e5ffe4da360585692ac795d58ad5fb8dc75ce0d6a3cc5"}}, {"model": "inscricao.inscricao", "pk": 17, "fields": {"participante": 23, "evento": 2, "data_hora_inscricao": "2025-07-17T20:09:55.218", "codigo_matricula": "a45be406cbb5159a", "is_active": true, "slug": "16c385abb83284ee6e848af6cba41ca45237fcabb716cd69b848b06d0cf8bb39"}}, {"model": "inscricao.inscricao", "pk": 18, "fields": {"participante": 25, "evento": 3, "data_hora_inscricao": "2025-07-19T12:00:47.425", "codigo_matricula": "98e66b2a026765da", "is_active": true, "slug": "0846a11468cf1f42fc1b38f058f24a06a25c8293d622ae978a82d3e81d60d584"}}, {"model": "inscricao.inscricao", "pk": 19, "fields": {"participante": 20, "evento": 3, "data_hora_inscricao": "2025-07-26T15:28:38.307", "codigo_matricula": "473f0b449e839d80", "is_active": true, "slug": "c3471a8b10d82911ad7cec6bc02633bdcd3c502bff74a41f4788aaa63851bfa4"}}, {"model": "inscricao.inscricao", "pk": 20, "fields": {"participante": 33, "evento": 3, "data_hora_inscricao": "2025-07-26T15:29:33.752", "codigo_matricula": "6e3e152c98f8e2f8", "is_active": true, "slug": "d7dc8d420ce94b1cf8b96ddaabcbae37c81e7237b875c2301b30e52be24adbdc"}}, {"model": "inscricao.inscricao", "pk": 21, "fields": {"participante": 34, "evento": 3, "data_hora_inscricao": "2025-07-26T15:30:42.399", "codigo_matricula": "69fc81f8d78c5969", "is_active": true, "slug": "bfb129af3b1f2cead81bfe49bd177857b58007abf18bed972d3827cca8a47416"}}, {"model": "inscricao.inscricao", "pk": 22, "fields": {"participante": 21, "evento": 3, "data_hora_inscricao": "2025-07-26T15:31:14.332", "codigo_matricula": "1fa3466bcbf81349", "is_active": true, "slug": "412de44b5b4abf6ad27e61a6bb0154091475cfe5248b27831bdd69cb6c714d95"}}, {"model": "inscricao.inscricao", "pk": 23, "fields": {"participante": 35, "evento": 3, "data_hora_inscricao": "2025-07-26T15:32:16.821", "codigo_matricula": "02b705f59b0df1fa", "is_active": true, "slug": "8af33c747c8cdcfb7aa6c33bb04b8d84870ae991560cbb71768004dad9d5ee74"}}, {"model": "inscricao.inscricao", "pk": 24, "fields": {"participante": 22, "evento": 3, "data_hora_inscricao": "2025-07-26T15:33:13.596", "codigo_matricula": "1038d3e4c0cb54fe", "is_active": true, "slug": "158efff9f86e16a85accbc66332147cb73a2fc0f474c9e9c2d739f7f72f0dad1"}}, {"model": "inscricao.inscricao", "pk": 25, "fields": {"participante": 24, "evento": 3, "data_hora_inscricao": "2025-07-26T15:33:41.904", "codigo_matricula": "6b15c06bbf4b82d6", "is_active": true, "slug": "cdf69a046ff630f2e8d451507fa413751e1a14eb8addbe758c540da1e9c82c9c"}}, {"model": "inscricao.inscricao", "pk": 26, "fields": {"participante": 19, "evento": 3, "data_hora_inscricao": "2025-07-26T15:40:45.255", "codigo_matricula": "d48f6e5fc70a01e4", "is_active": true, "slug": "7e5bbc79f345249db2a3ba560770aa4db245ee0705515d5dc4e1d72c5cd37069"}}, {"model": "inscricao.inscricao", "pk": 28, "fields": {"participante": 39, "evento": 2, "data_hora_inscricao": "2025-07-28T08:24:22.256", "codigo_matricula": "e79791d979c3da03", "is_active": true, "slug": "3d79a811a220bf28d094c5a41beb7a4c7bb173f44de1be213645809180092355"}}, {"model": "inscricao.inscricao", "pk": 29, "fields": {"participante": 3, "evento": 2, "data_hora_inscricao": "2025-07-28T08:26:43.443", "codigo_matricula": "2754b88237b18a3a", "is_active": true, "slug": "1468ebdeb252d280305aa4fdd182d84764230fd23852ebce9086c705068dc30e"}}, {"model": "inscricao.inscricao", "pk": 30, "fields": {"participante": 37, "evento": 2, "data_hora_inscricao": "2025-07-28T08:26:46.282", "codigo_matricula": "5effaae3d46c06ea", "is_active": true, "slug": "d3c1a62da153b5d2ad72da8701959e160ff63008c6d1476ece04790538f5db62"}}, {"model": "inscricao.inscricao", "pk": 31, "fields": {"participante": 41, "evento": 2, "data_hora_inscricao": "2025-07-28T08:31:04.667", "codigo_matricula": "d3a8b64ce038eeef", "is_active": true, "slug": "43e9c114faa34b64caddf92eaedbdd25824fb14ed0967d00414f2406772eb058"}}, {"model": "inscricao.inscricao", "pk": 32, "fields": {"participante": 42, "evento": 3, "data_hora_inscricao": "2025-07-28T08:40:02.414", "codigo_matricula": "f0785263700ebd3c", "is_active": true, "slug": "5bfa01a74ac250f951fbb975d3101195f1f2dcc758b4d164ee34c5310642eb8c"}}, {"model": "inscricao.inscricao", "pk": 33, "fields": {"participante": 42, "evento": 2, "data_hora_inscricao": "2025-07-28T08:40:05.764", "codigo_matricula": "2618c0fb85de9882", "is_active": true, "slug": "c55f9d95223a796d1fe73728b97d77d8850015676c90b7c8ff581a326e082c80"}}, {"model": "inscricao.inscricao", "pk": 35, "fields": {"participante": 43, "evento": 2, "data_hora_inscricao": "2025-07-28T08:40:27.818", "codigo_matricula": "7c9b89740bb011a7", "is_active": true, "slug": "7ef672e2fdb114c1b7b5272a570a98046f24429c18effcaff8234bfbec5687a0"}}, {"model": "inscricao.inscricao", "pk": 36, "fields": {"participante": 43, "evento": 3, "data_hora_inscricao": "2025-07-28T08:40:31.952", "codigo_matricula": "f7a3bf5a76028153", "is_active": true, "slug": "87d994ddd333046a14f242cb96b60a3b37ec1fad9c71e5d783852f5dd126905e"}}, {"model": "inscricao.inscricao", "pk": 37, "fields": {"participante": 44, "evento": 2, "data_hora_inscricao": "2025-07-28T08:42:17.788", "codigo_matricula": "20c8fc6b4545fe2c", "is_active": true, "slug": "72720b79cf47fa5244ac748e69c06e88fc318759fcf61ec6a1a7d682a7cd22d0"}}, {"model": "inscricao.inscricao", "pk": 38, "fields": {"participante": 45, "evento": 2, "data_hora_inscricao": "2025-07-28T08:42:41.015", "codigo_matricula": "2c5b1831fe91e633", "is_active": true, "slug": "465565652b96ce07b683dd694a2f7402d45075140dd26d923651a913854994ab"}}, {"model": "inscricao.inscricao", "pk": 40, "fields": {"participante": 45, "evento": 3, "data_hora_inscricao": "2025-07-28T08:42:56.966", "codigo_matricula": "970fe7a744572799", "is_active": true, "slug": "ee07c73098419b05f420b9b7ffc9c15fc2af572301a3427a20042ae1f78f5efb"}}, {"model": "inscricao.inscricao", "pk": 41, "fields": {"participante": 46, "evento": 2, "data_hora_inscricao": "2025-07-28T08:45:55.530", "codigo_matricula": "ca133ab9fed855fb", "is_active": true, "slug": "c9b7b9f5b667519a8feb1bcc0873046f23a39d02de07bec35a46520e345aae2c"}}, {"model": "inscricao.inscricao", "pk": 42, "fields": {"participante": 24, "evento": 2, "data_hora_inscricao": "2025-07-28T09:45:51.676", "codigo_matricula": "88a382be4a60bd7c", "is_active": true, "slug": "5c21ab0848cc8b79fe466017016ef552537e04c1ebd5f7667477f6d3662814ff"}}, {"model": "inscricao.inscricao", "pk": 43, "fields": {"participante": 48, "evento": 2, "data_hora_inscricao": "2025-07-28T09:52:38.838", "codigo_matricula": "cca6f899fa2f8b04", "is_active": true, "slug": "5742a21337158713f42d09bb4ac073e04ea7ca344b0b55cd631c5673df4f7f99"}}, {"model": "inscricao.inscricao", "pk": 44, "fields": {"participante": 47, "evento": 2, "data_hora_inscricao": "2025-07-28T09:53:38.452", "codigo_matricula": "eb138aadc96e707c", "is_active": true, "slug": "ead7bc3e16e2ce99d6467b40f280b22fa61c94bfe6b2410ad4448f4c8aab584f"}}, {"model": "inscricao.inscricao", "pk": 45, "fields": {"participante": 2, "evento": 2, "data_hora_inscricao": "2025-07-28T10:41:54.026", "codigo_matricula": "64c8261a315f5f07", "is_active": true, "slug": "dee78ce5f1359dff6eb4eb3372017b428c7474947997f460341d137d800a37eb"}}, {"model": "inscricao.inscricao", "pk": 46, "fields": {"participante": 21, "evento": 2, "data_hora_inscricao": "2025-07-28T10:42:14.192", "codigo_matricula": "51abd48cf6d8baeb", "is_active": true, "slug": "8f8ae76184c46bb706a0a35b1ab40a838aedc6de6bf1ca008740892645d94696"}}, {"model": "inscricao.inscricao", "pk": 47, "fields": {"participante": 40, "evento": 3, "data_hora_inscricao": "2025-07-28T11:20:21.764", "codigo_matricula": "5301a20661bcb0bf", "is_active": true, "slug": "aedc9ddab00ddf110da1b34902f8d698215892be92cc2383863e0d1ef676470b"}}, {"model": "inscricao.inscricao", "pk": 48, "fields": {"participante": 37, "evento": 3, "data_hora_inscricao": "2025-07-28T11:21:16.853", "codigo_matricula": "d702ccacc6c607d2", "is_active": true, "slug": "5496a68b54cc73bb9199a34a40732c5a0e6e8c34521f666342f3c40b3904a91d"}}, {"model": "inscricao.inscricao", "pk": 49, "fields": {"participante": 47, "evento": 3, "data_hora_inscricao": "2025-07-28T11:22:05.843", "codigo_matricula": "4c042858b6266fc0", "is_active": true, "slug": "23787917131dc03c6b3a21a10e7af17cd617164d6912401297d44c39c58615fe"}}, {"model": "inscricao.inscricao", "pk": 50, "fields": {"participante": 48, "evento": 3, "data_hora_inscricao": "2025-07-28T11:22:49.398", "codigo_matricula": "d86b3571ebc48a74", "is_active": true, "slug": "9f18d361715ccb652293f6051b7e90c5516f3d72a2ee1fde2c4b8193adc071a8"}}, {"model": "inscricao.inscricao", "pk": 51, "fields": {"participante": 41, "evento": 3, "data_hora_inscricao": "2025-07-28T11:23:38.101", "codigo_matricula": "409aba11c11d1f77", "is_active": true, "slug": "455896d7764ab5ab1ed43e2c468cd90e81aacf2ea51a120e0cb3abfae1c7a932"}}, {"model": "inscricao.inscricao", "pk": 52, "fields": {"participante": 1, "evento": 2, "data_hora_inscricao": "2025-07-28T11:29:02.699", "codigo_matricula": "1c4bce4119ecaf3e", "is_active": true, "slug": "1ad8d8905b09c912aee2b4bbf02dc5889abe849e5993572d83d71e29f524443e"}}, {"model": "inscricao.inscricao", "pk": 53, "fields": {"participante": 49, "evento": 3, "data_hora_inscricao": "2025-07-28T16:05:22.369", "codigo_matricula": "471b1941a49db6a0", "is_active": true, "slug": "99d3483759f8bfc9e780c392a6c35ab54bccd7918bafbf3a3b65c097a37cc1ed"}}, {"model": "inscricao.inscricao", "pk": 54, "fields": {"participante": 38, "evento": 3, "data_hora_inscricao": "2025-07-28T16:18:14.322", "codigo_matricula": "dcc56daccd9c8652", "is_active": true, "slug": "da82ef9be7426121a92e93b4c3739914aab88007c137db6307f76bbb066dd4d9"}}, {"model": "inscricao.inscricao", "pk": 55, "fields": {"participante": 50, "evento": 2, "data_hora_inscricao": "2025-07-28T19:30:19.481", "codigo_matricula": "b9ba5da4e2c19f1f", "is_active": true, "slug": "c288d2d628a4afa98ccce75ff5dcd733fc8ab6325d7f66146bd5b45be748b318"}}, {"model": "inscricao.inscricao", "pk": 56, "fields": {"participante": 51, "evento": 2, "data_hora_inscricao": "2025-07-28T19:30:38.954", "codigo_matricula": "970beb62d9a666ae", "is_active": true, "slug": "058db9b18bf0128002d7e59e43bd6b2dad1976db3204c8d4cee0bd63c183a428"}}, {"model": "inscricao.inscricao", "pk": 57, "fields": {"participante": 33, "evento": 2, "data_hora_inscricao": "2025-07-28T19:44:24.830", "codigo_matricula": "775a23d8ea7cf21d", "is_active": true, "slug": "0ff2b73bb45560625b6e59343ceac2a4a1d7faa356ea9f19454bb426e0869386"}}, {"model": "inscricao.inscricao", "pk": 58, "fields": {"participante": 11, "evento": 2, "data_hora_inscricao": "2025-07-28T19:46:26.255", "codigo_matricula": "4bc02206137d1cc8", "is_active": true, "slug": "2d18a8e0f726750a2d5da803ea0437527ff15838d144bd5891fb099bb369c52b"}}, {"model": "inscricao.inscricao", "pk": 59, "fields": {"participante": 55, "evento": 2, "data_hora_inscricao": "2025-07-28T19:51:51.223", "codigo_matricula": "be4c373da831f7c1", "is_active": true, "slug": "40a9e8be9494822c98956caa38559a578c611daa0a2a455ec2b180f10fc14a2f"}}, {"model": "inscricao.inscricao", "pk": 60, "fields": {"participante": 57, "evento": 2, "data_hora_inscricao": "2025-07-29T07:53:20.142", "codigo_matricula": "0a63b03ab3a4259d", "is_active": true, "slug": "d3a458c6901e736c8941b3274d4424bb7f8cd19c4b29027fd8502a7438ad9f93"}}, {"model": "inscricao.inscricao", "pk": 61, "fields": {"participante": 58, "evento": 2, "data_hora_inscricao": "2025-07-29T08:10:00.314", "codigo_matricula": "3e19bc145e89096a", "is_active": true, "slug": "efae690536896d6a21429bda0a3023ce4b658070c5201aa309574a45f3a3c86f"}}, {"model": "inscricao.inscricao", "pk": 62, "fields": {"participante": 59, "evento": 2, "data_hora_inscricao": "2025-07-29T08:58:42.332", "codigo_matricula": "55870c679eacfd74", "is_active": true, "slug": "778197a4619ec6f2f36f3b55b645c272d3dd726229e8594652b1f0f51f9ac631"}}, {"model": "inscricao.inscricao", "pk": 63, "fields": {"participante": 61, "evento": 2, "data_hora_inscricao": "2025-07-30T07:52:56.354", "codigo_matricula": "54a0a622cd58fa03", "is_active": true, "slug": "422bddf0bfb7c5f774e949d4005d79e6775c36765ff1e00324ac3671071aaa50"}}, {"model": "inscricao.inscricao", "pk": 64, "fields": {"participante": 63, "evento": 2, "data_hora_inscricao": "2025-07-30T08:10:06.563", "codigo_matricula": "06b4bfaae04b2a2c", "is_active": true, "slug": "e6ffb571785d3b486b1bbcf4c703d177e2ec2691ae490a2efe0d9944e05cab0f"}}, {"model": "inscricao.inscricao", "pk": 65, "fields": {"participante": 62, "evento": 2, "data_hora_inscricao": "2025-07-30T08:11:38.564", "codigo_matricula": "d69799b15046107a", "is_active": true, "slug": "738baaf5cb974895c803373a9183aa581c6c24291232a49be4524c84cc72b204"}}, {"model": "inscricao.inscricao", "pk": 66, "fields": {"participante": 38, "evento": 2, "data_hora_inscricao": "2025-07-31T07:51:51.860", "codigo_matricula": "bd54996fec5e2aa7", "is_active": true, "slug": "ddb52f92d1c1e00eaba766e32231b9a6819e227b43f1c4c0b471e80e23d9cc02"}}, {"model": "inscricao.inscricao", "pk": 67, "fields": {"participante": 35, "evento": 2, "data_hora_inscricao": "2025-07-31T07:59:06.291", "codigo_matricula": "59ecbb785d9b8e5d", "is_active": true, "slug": "6b696f56972edee78365db0c1d501331fb39723008cb378eb3310b769713c4fb"}}, {"model": "inscricao.inscricao", "pk": 68, "fields": {"participante": 66, "evento": 2, "data_hora_inscricao": "2025-07-31T09:43:16.751", "codigo_matricula": "4b04ee2a3a54a566", "is_active": true, "slug": "320913b00988215ca2a10fb84a53e80ca31a29d13df3beb45361e0df85b11c19"}}, {"model": "inscricao.inscricao", "pk": 69, "fields": {"participante": 67, "evento": 2, "data_hora_inscricao": "2025-07-31T10:24:04.563", "codigo_matricula": "6d876c4b84aabdf8", "is_active": true, "slug": "51ac13790e54851e530d3cd8cd3234041b6d48def31ff88c72e61d4bdb28399d"}}, {"model": "inscricao.inscricao", "pk": 70, "fields": {"participante": 20, "evento": 2, "data_hora_inscricao": "2025-07-31T11:30:54.302", "codigo_matricula": "6c27a779d9d1f130", "is_active": true, "slug": "b8134336ed6daf16ba513b76d91be578442860d41c53e0fa9645062014af3c96"}}, {"model": "inscricao.inscricao", "pk": 72, "fields": {"participante": 68, "evento": 2, "data_hora_inscricao": "2025-08-01T10:00:54.051", "codigo_matricula": "f579ac04fac6a9f4", "is_active": true, "slug": "37c83da7a477a594d8684da6380e7907adb018cbb61fb4dbb83ae8a176cadbda"}}, {"model": "tipo_evento.tipoevento", "pk": 1, "fields": {"descricao": "PALESTRA", "is_active": true, "slug": "56a69cabab639a0c6e9032f29ed749b4d1124372ef5f7822b6148072c4dd92bc"}}, {"model": "tipo_evento.tipoevento", "pk": 2, "fields": {"descricao": "OFICINA OU WORKSHOP", "is_active": true, "slug": "dc2654ffdba6f1c982c8ca654ff3ecf4a0d6bf9249d07c5fe5213a7c9829c455"}}, {"model": "usuario.usuario", "pk": 1, "fields": {"password": "pbkdf2_sha256$600000$dw54MsNWREizSquOQTti6i$p2Mzdj5d2nu79HuAIB8e5099qReJTzA939n72voeeLA=", "last_login": "2025-08-04T09:32:36.450", "tipo": "ADMINISTRADOR", "nome": "ALEXANDRE ZAMBERLAN", "instituicao": "UNIVERSIDADE FRANCISCANA", "email": "alexz@ufn.edu.br", "celular": "55996619445", "cpf": "88877256087", "aceita_termo": false, "eh_avaliador": false, "is_active": true, "slug": "59e83bce481292b5bd55a572527621acf719a0751c2849ef73ac19f1fd545fd9"}}, {"model": "usuario.usuario", "pk": 2, "fields": {"password": "pbkdf2_sha256$600000$Oxi7epMqIfWPrxVYucbAWZ$djFbgsEU4/7JPT6v4KyKPWjvTfQ9NWMXqrq0X/FsQMs=", "last_login": "2025-07-30T16:36:26.927", "tipo": "PARTICIPANTE", "nome": "PEDRO HENRIQUE DE BRITO CANABARRO", "instituicao": "UNIVERSIDADE FRANCISCANA", "email": "pedrohbc195@gmail.com", "celular": "55981380193", "cpf": "042.371.090-70", "aceita_termo": true, "eh_avaliador": false, "is_active": true, "slug": "8705e90d0862068fdd56c91fddff54521f0e585a701134fa8460ed72d5fd4468"}}, {"model": "usuario.usuario", "pk": 3, "fields": {"password": "pbkdf2_sha256$600000$QhLISN1xq8jAE90mYlgCuz$QcSav87eRKaOq4riKBfFaDxcNx1aZ5ROiMGlqStnfcM=", "last_login": "2025-07-28T08:26:30.637", "tipo": "PARTICIPANTE", "nome": "BRUNO DIFANTE DE MORAES DA SILVA", "instituicao": "UNIVERSIDADE FRANCISCANA", "email": "difantemoraes@gmail.com", "celular": "55984450399", "cpf": "024.743.110-92", "aceita_termo": true, "eh_avaliador": false, "is_active": true, "slug": "32ef6b6ce25a23db04ec4ebd75f7e57bdf4586ff58d37c869d768ca3d3302396"}}, {"model": "usuario.usuario", "pk": 5, "fields": {"password": "pbkdf2_sha256$600000$5rIE8Sp4TXahUnVmqpos0T$3kT1OQnoo1XHoketJBILXC7/722+d7FZ0iZaIFYOb1g=", "last_login": "2025-08-04T10:58:32.625", "tipo": "ADMINISTRADOR", "nome": "ANA PAULA CANAL", "instituicao": "UFN", "email": "apc@ufn.edu.br", "celular": "55999579653", "cpf": "12312312312312", "aceita_termo": true, "eh_avaliador": false, "is_active": true, "slug": "1ce5f3d30975c52d48b49c16414d6dd1b88230059d76e958f6232ecc6fb4bd17"}}, {"model": "usuario.usuario", "pk": 6, "fields": {"password": "pbkdf2_sha256$600000$sWokfQrACVbhXeD20jkbOg$20BxQGwDLVCwpdq82bUpCPSn+v3vTSDIZJAtbDMLD4s=", "last_login": "2025-07-16T18:29:45.442", "tipo": "COORDENADOR", "nome": "RICARDO FROHLICH DA SILVA", "instituicao": "UFN", "email": "ricardo.frohlich@ufn.edu.br", "celular": "55984491691", "cpf": "45345345345", "aceita_termo": true, "eh_avaliador": false, "is_active": true, "slug": "b422b7cc65bd58e1a5757d2dd1c8f8725aea9e51e1040f6a75451de54d7770ca"}}, {"model": "usuario.usuario", "pk": 7, "fields": {"password": "pbkdf2_sha256$600000$ISXX494vLgFNDDLhjZAZ8C$ZWydAUS6WpVOt/4umQFrnJPxGcNP759vnDuWW456LQI=", "last_login": "2025-07-09T14:05:51.969", "tipo": "ADMINISTRADOR", "nome": "SYLVIO ANDRÉ GARCIA VIEIRA", "instituicao": "UFN", "email": "sylvio@ufn.edu.br", "celular": "55991757966", "cpf": "2345234234", "aceita_termo": true, "eh_avaliador": false, "is_active": true, "slug": "a441e39a9941d995e4233cd41d547d9b03a9a5b822a33ff4ac56fffdeda086da"}}, {"model": "usuario.usuario", "pk": 8, "fields": {"password": "pbkdf2_sha256$600000$K8UzB6zisJMJfkynaLsBwq$rzH4A/N/I8NRO+Skm+UlfQN0tbkPXy+s01ziPBk9/Y8=", "last_login": "2025-07-04T11:22:57.397", "tipo": "PARTICIPANTE", "nome": "NATHALIA FAGUNDES ROZZINI", "instituicao": "UFN", "email": "nathyfagundes@gmail.com", "celular": "(55)99939-3347", "cpf": "029.180.680-55", "aceita_termo": true, "eh_avaliador": false, "is_active": true, "slug": "59345e775841abe8bdb4aba44b640752ac865629f4dc5f8210dfd8fe611cf11b"}}, {"model": "usuario.usuario", "pk": 9, "fields": {"password": "pbkdf2_sha256$600000$wePwX8Z4J6aKKJl7d69fa5$l1vykrhFuA6OJY/xqj/vsmpV1pwhL2uGmQ6d/s2s2hs=", "last_login": null, "tipo": "PARTICIPANTE", "nome": "MÁRCIO ALMEIDA DA SILVA", "instituicao": "UNIVERSIDADE FRANCISCANA", "email": "marcio.almeida@ufn.edu.br", "celular": "55 999999999", "cpf": "53453453453453", "aceita_termo": true, "eh_avaliador": false, "is_active": true, "slug": "5d71b44a02d5d9c8c39c7e7698893d159984fbc8a1d93da03fc533e80140e5c1"}}, {"model": "usuario.usuario", "pk": 10, "fields": {"password": "pbkdf2_sha256$600000$EzoxpOweF2iWvwp6Mk1I9H$mMtzpLqu6DvaDe2okk+AZcTzhGJxEPKmrH0aVEmMs9Q=", "last_login": "2025-07-28T20:58:04.909", "tipo": "MINISTRANTE", "nome": "ANDREW GONÇALVES", "instituicao": "DEBIAN", "email": "andrew.v.goncalves@gmail.com", "celular": "55996619445", "cpf": "11111111111111", "aceita_termo": true, "eh_avaliador": false, "is_active": true, "slug": "21e92f71299e6f132edef9d077a6647966184b471a7a8d18c1e4c6752049de9f"}}, {"model": "usuario.usuario", "pk": 11, "fields": {"password": "pbkdf2_sha256$600000$aE3z9ehCpDyrfBRlPD2v2g$sqmkHSevudpQdrXBlqICUV6j21w4lm9iC+lEose8CZg=", "last_login": "2025-07-28T20:58:49.136", "tipo": "COORDENADOR", "nome": "DANTE ZAMBERLAN", "instituicao": "UFN", "email": "zamberlam@gmail.com", "celular": "55999150887", "cpf": "88757575757575", "aceita_termo": true, "eh_avaliador": false, "is_active": true, "slug": "aaa0c97822486689d4fcb0d5a718e5d5322ee3a02c47889a5542dca0d3e60c4e"}}, {"model": "usuario.usuario", "pk": 12, "fields": {"password": "pbkdf2_sha256$600000$6AxkO2RKC9PbHtlUCEy9Ks$KU11SaYLP8+aHd9VrZEwCEH4PYuRZS53fLq1ZKP0XaQ=", "last_login": null, "tipo": "MINISTRANTE", "nome": "CHRISTOPHER TATSCH", "instituicao": "L5 AUTOMATION", "email": "christopher.tatsch@l5automation.com", "celular": "5599", "cpf": "1111111111", "aceita_termo": true, "eh_avaliador": false, "is_active": true, "slug": "aaa177792f9656725f400f37bed22c52a9e157019fb01b0613b681a960f6fe98"}}, {"model": "usuario.usuario", "pk": 13, "fields": {"password": "pbkdf2_sha256$600000$kV8UVY6y3r75JDCVM7nbk9$LQoVSkxDlq8P1Eq7CMXZRUhIDqCY/0aLz+mRWvrcRCQ=", "last_login": "2025-08-04T11:17:41.600", "tipo": "PARTICIPANTE", "nome": "GUILHERME BACIN HERMES", "instituicao": "UFN", "email": "guilherme.hermes@ufn.edu.br", "celular": "(55) 9967-8888", "cpf": "011.810.660-00", "aceita_termo": true, "eh_avaliador": false, "is_active": true, "slug": "36945b65fcba2943f579984012ac0a2f880f6f6fe97768f0fd1dec910faf273a"}}, {"model": "usuario.usuario", "pk": 14, "fields": {"password": "pbkdf2_sha256$600000$4a7apDPfeFOufx7ExrxhHv$QRGOnhddHBEP+ssZiSG22Wo61gMsf815AR2yNQoU/2A=", "last_login": "2025-07-29T00:51:00.040", "tipo": "PARTICIPANTE", "nome": "BRUNO TUBINO FRANCO", "instituicao": "UFN", "email": "brunotubinofranco@gmail.com", "celular": "55999536899", "cpf": "054.726.390-26", "aceita_termo": true, "eh_avaliador": false, "is_active": true, "slug": "e33ea02a6f895359d940e0ce5e03adf20398a35621f67619c73415bf989f9004"}}, {"model": "usuario.usuario", "pk": 15, "fields": {"password": "pbkdf2_sha256$600000$MG83btRRbGHwf8xjeyfZTs$C1HhgXo5JZHjMLNt1U9/zIM5SmJnHXaALf6aFhxUPdA=", "last_login": "2025-07-16T17:20:19.979", "tipo": "PARTICIPANTE", "nome": "MARINA MEZOMO SOCCAL", "instituicao": "UNIVERSIDADE FRANCISCANA", "email": "marinasoccal@yahoo.com", "celular": "55999662232", "cpf": "035.043.570-70", "aceita_termo": true, "eh_avaliador": false, "is_active": true, "slug": "8b6b0f36941bc6cd6c5ef6fea449b4b874dc0c16c3fad175999373dc5dcc213c"}}, {"model": "usuario.usuario", "pk": 16, "fields": {"password": "pbkdf2_sha256$600000$4QWulqcU5zS0vJryZlfR5w$HS11JEeKr9oRFIxzJ6qaRdF3FRdnW67LMPEJZAmCEHg=", "last_login": "2025-07-16T17:26:27.884", "tipo": "PARTICIPANTE", "nome": "ANDRISA DOS SANTOS SILVA", "instituicao": "UNIVERSIDADE FRANCISCANA", "email": "andrisa.santos@ufn.edu.br", "celular": "(55)99708-5685", "cpf": "033.897.420-26", "aceita_termo": true, "eh_avaliador": false, "is_active": true, "slug": "937b05f08b35de6869fd42a899dcfa7c7ad9e45bf0cad83a109af18f75f52b79"}}, {"model": "usuario.usuario", "pk": 17, "fields": {"password": "pbkdf2_sha256$600000$rEB0A7THpnsNPsDec6UqHG$B304SvWdOetksIWMDtt0j6DpkfOBvwDRW0TagTv0xNk=", "last_login": "2025-08-01T09:52:33.104", "tipo": "PARTICIPANTE", "nome": "GUILHERME DA SILVA SCHER", "instituicao": "UFN", "email": "schergds@gmail.com", "celular": "55996720467", "cpf": "022.724.670-59", "aceita_termo": true, "eh_avaliador": false, "is_active": true, "slug": "954cac6317bf7124fe5f3ed582fa9093e5f01cb4ee982c90e064146d171e4956"}}, {"model": "usuario.usuario", "pk": 18, "fields": {"password": "pbkdf2_sha256$600000$vYHDo1fmma5PYdVKu2bIqx$00GoiDVjQ0N6pRY/mgs+PuR3ja1NfIKNoQwhS9saNWo=", "last_login": "2025-07-16T20:40:24.588", "tipo": "PARTICIPANTE", "nome": "YASMIN DEITOS TAVARES", "instituicao": "UNIVERSIDADE FRANCISCANA", "email": "yasmin.tavares@ufn.edu.br", "celular": "55991453294", "cpf": "056.544.230-96", "aceita_termo": true, "eh_avaliador": false, "is_active": true, "slug": "90d9672005f27c2c7451d2ed8578d496f904af5a95520579909c2247c1f95ebe"}}, {"model": "usuario.usuario", "pk": 19, "fields": {"password": "pbkdf2_sha256$600000$GtQ4Mp7T2cv2nXpiKcBYDM$4eBWgBVHjVU/nKdVmPLUDHOVkwHHlfL4sWsuq2PCbfE=", "last_login": null, "tipo": "PARTICIPANTE", "nome": "GABRIEL SEGALA SOARES", "instituicao": "UFN", "email": "gsegalasoares@gmail.com", "celular": "55996775804", "cpf": "022.131.210-28", "aceita_termo": true, "eh_avaliador": false, "is_active": true, "slug": "6fca6fe43c407df8cc63ffade1b4f6e6ab9ec3af62a972eb5ede66d9323f1198"}}, {"model": "usuario.usuario", "pk": 20, "fields": {"password": "pbkdf2_sha256$600000$0Rj5t4Si41sWZyX5hTe3qn$d0hcmxOUSVx9V6hULTWXaIUpPzgFoasKZAhh53IyHew=", "last_login": "2025-07-31T11:30:20.175", "tipo": "PARTICIPANTE", "nome": "EDUARDO CARVALHO CERETTA", "instituicao": "UFN", "email": "duduceretta@gmail.com", "celular": "55999301350", "cpf": "039.898.680-04", "aceita_termo": true, "eh_avaliador": false, "is_active": true, "slug": "634227f3516744cc9153be4145d349a89b34c20e78c0e87c1dbeccb1061f2fba"}}, {"model": "usuario.usuario", "pk": 21, "fields": {"password": "pbkdf2_sha256$600000$1oRMGMR8TshFgvHnkUPbXh$T4ZsTz95C3x68NPSpCZmf6YKi/qqaPFKUh1wqPuBai0=", "last_login": "2025-08-04T10:37:21.230", "tipo": "PARTICIPANTE", "nome": "MARIA ANTÔNIA ESPINOSA WOLTMANN", "instituicao": "UNIVERSIDADE FRANCISCANA", "email": "maria.aewoltmann@ufn.edu.br", "celular": "55991900927", "cpf": "047.767.510-70", "aceita_termo": true, "eh_avaliador": false, "is_active": true, "slug": "7770349c11150387d95fb014e9c6ea7e1f93765d82b0df12168d1c02b913d1f5"}}, {"model": "usuario.usuario", "pk": 22, "fields": {"password": "pbkdf2_sha256$600000$tr7FvyPxobxpjQZjjn5VXt$aj50tzZufzJUFTi7MqL2VxapO5LHjagi2HY6Wd89BRs=", "last_login": "2025-07-17T17:31:51.573", "tipo": "PARTICIPANTE", "nome": "VINICIUS SOUZA BELMONTE DE OLIVEIRA", "instituicao": "UFN", "email": "vinisouzaoliveira0111@gmail.com", "celular": "55999238863", "cpf": "027.649.440-71", "aceita_termo": true, "eh_avaliador": false, "is_active": true, "slug": "2f5c10291c229ef85d617d65c6d17c773dfc2cc4b90f58d0ad54fe00a5957dd1"}}, {"model": "usuario.usuario", "pk": 23, "fields": {"password": "pbkdf2_sha256$600000$dCScFKh19UtEEGZacq6BCm$VEzFPST4d8BVFvX0wTUtA6hlM15eKanVygXKKStG6ic=", "last_login": "2025-07-28T08:39:37.367", "tipo": "PARTICIPANTE", "nome": "VITOR DORNELES DOS SANTOS", "instituicao": "UNIVERSIDADE FRANCISCANA – UFN", "email": "dorneles.vitor@ufn.edu.br", "celular": "55999359089", "cpf": "042.991.840-25", "aceita_termo": true, "eh_avaliador": false, "is_active": true, "slug": "56fc31b884704f39b517474a8aa22185fb261da496da0cf5104893f2dfb7ed38"}}, {"model": "usuario.usuario", "pk": 24, "fields": {"password": "pbkdf2_sha256$600000$YKUQhurPX7fUP8TT30mYsd$/bxzwfty2OixWESiEBhv6x44CKKk6u2vzk3MOQvZOsA=", "last_login": "2025-07-28T09:53:30.702", "tipo": "PARTICIPANTE", "nome": "VANESSA CEZAR DO NASCIMENTO", "instituicao": "UNIVERSIDADE FRANCISCANA – UFN", "email": "vanessa.cezarnascimento@hotmail.com", "celular": "55991336889", "cpf": "037.153.640-50", "aceita_termo": true, "eh_avaliador": false, "is_active": true, "slug": "d4999e654bde5fbf55b28c508e9005dd1ce06c51b7d729b1d4779da6883bee78"}}, {"model": "usuario.usuario", "pk": 25, "fields": {"password": "pbkdf2_sha256$600000$foqCECFkjGOA8WTegLMTjC$e1bVkvk2aAvqvefbhhWxs+be2ohk27tUPh1KSh/+2BI=", "last_login": "2025-07-28T18:50:00.971", "tipo": "PARTICIPANTE", "nome": "GUILHERME WEBER HENRIQUES", "instituicao": "UFN", "email": "gh63388@gmail.com", "celular": "55991654341", "cpf": "043.748.020-88", "aceita_termo": true, "eh_avaliador": false, "is_active": true, "slug": "3be1f25dc183b14c2b74e76cc1571c5edf21ea8ae0f9833ca2dde907925875db"}}, {"model": "usuario.usuario", "pk": 33, "fields": {"password": "pbkdf2_sha256$600000$JYBNSJTtpoT8jdGYdX7Q2s$hRUrcwf+O0ykOm89E7vZHHjIsJE9t3qOZi6aKGntU/w=", "last_login": "2025-07-28T19:43:47.501", "tipo": "PARTICIPANTE", "nome": "ÉRIC MARTINS DA SILVA", "instituicao": "UNIVERSIDADE FRANCISCANA", "email": "eric.martins@ufn.edu.br", "celular": "55991057716", "cpf": "045.088.130-03", "aceita_termo": true, "eh_avaliador": false, "is_active": true, "slug": "8f7575c1956135d9ccd71f738af7b95d22f8d56b6296943b9ea78f0d48e61761"}}, {"model": "usuario.usuario", "pk": 34, "fields": {"password": "pbkdf2_sha256$600000$vyi1693EMoWWMzoIoqgAiS$T2FlgTZMmmQ4sC+E3K3hOcxXx5ymBuvK/0kUSyrW5J4=", "last_login": "2025-07-22T14:07:36.001", "tipo": "PARTICIPANTE", "nome": "JOSÉ OTÁVIO RIBEIRO BAGGIO", "instituicao": "UNIVERSIDADE FRANCISCANA - UFN", "email": "jose.baggio@ufn.edu.br", "celular": "55999195589", "cpf": "028.617.870-23", "aceita_termo": true, "eh_avaliador": false, "is_active": true, "slug": "4af11c373ed08f1184c7e135c3d2144265619dc870f0084d124bee2073ed6157"}}, {"model": "usuario.usuario", "pk": 35, "fields": {"password": "pbkdf2_sha256$600000$ZV6PYeai4ih4ysnDPt5aX3$DHUTRBGuEez6gGafZyz6sYUSY0VeOf7gfZVAxIOG004=", "last_login": "2025-07-31T07:57:47.370", "tipo": "PARTICIPANTE", "nome": "ROMEO NORO GUTERRES", "instituicao": "UFN", "email": "romeo.noro@ufn.edu.br", "celular": "55996475355", "cpf": "048.174.120-89", "aceita_termo": true, "eh_avaliador": false, "is_active": true, "slug": "6ba074ac82f3584ba2a6e24e04746a07e11a8adc1e520bfeee512cbfe8864a51"}}, {"model": "usuario.usuario", "pk": 37, "fields": {"password": "pbkdf2_sha256$600000$LiQJENNlmvOyH4F0z6WSke$Cq3Fl5JXZbhw+/sZI0z86WqCKaByQqZ8+yhU+rgmbrU=", "last_login": "2025-08-01T10:22:53.382", "tipo": "PARTICIPANTE", "nome": "GABRIEL MAIER TEIXEIRA", "instituicao": "UNIVERSIDADE FRANCISCANA", "email": "gabriel.teixeira@ufn.edu.br", "celular": "55996927974", "cpf": "026.420.970-21", "aceita_termo": true, "eh_avaliador": false, "is_active": true, "slug": "8f0f1bd946e4c5181bb875b4b32fff4ba505611a29a7146dad4135fedf1e23e9"}}, {"model": "usuario.usuario", "pk": 38, "fields": {"password": "pbkdf2_sha256$600000$92K05Q8ItKI4BzFa6mLpkG$sC7d/K9e4C1SFLRfGL3b+OtNrCnNt1zCQEDhvylt0Vk=", "last_login": "2025-07-31T07:51:01.173", "tipo": "PARTICIPANTE", "nome": "MATHEUS NOGUEIRA ALBUQUERQUE", "instituicao": "UFN - UNIVERSIDADE FRANCISCANA", "email": "matheus.nalbuquerque@ufn.edu.br", "celular": "55984039186", "cpf": "035.295.740-90", "aceita_termo": true, "eh_avaliador": false, "is_active": true, "slug": "15d82a6f7cf539e425bf16d1387459ad5f1632f3e192204315d45392273c3b68"}}, {"model": "usuario.usuario", "pk": 39, "fields": {"password": "pbkdf2_sha256$600000$39Tz2BdJIfTGNZm6m8Uy9t$KdM0ZNH7s5mO19Uq0R+o3iQxaZXoVZw8IUrkv0POXTI=", "last_login": "2025-07-31T11:55:55.720", "tipo": "PARTICIPANTE", "nome": "PEDRO HENRIQUE DE AVILA DARODA", "instituicao": "UFN", "email": "podesdarodas25@gmail.com", "celular": "55996971924", "cpf": "050.078.260-14", "aceita_termo": true, "eh_avaliador": false, "is_active": true, "slug": "2b272ae5d837b764e1c64e38393a1eace1946306ad6e6582a23c94b06b9ae955"}}, {"model": "usuario.usuario", "pk": 40, "fields": {"password": "pbkdf2_sha256$600000$4kTU47A4Nh4uHgiExrIaAu$4mhAFYCyHN3X0Fe5nckbB3aDun2B80bHlkImb0qAVzI=", "last_login": "2025-07-28T08:10:22.264", "tipo": "PARTICIPANTE", "nome": "ANTHONY DA SILVA GUEDES", "instituicao": "UNIVERSIDADE FRANCISCANA", "email": "anthony.guedes@ufn.edu.br", "celular": "55999747875", "cpf": "024.493.250-69", "aceita_termo": true, "eh_avaliador": false, "is_active": true, "slug": "342dda9be3f7511b715a883ad4527055f9e7fa71ca01b53867e43c015e3203f0"}}, {"model": "usuario.usuario", "pk": 41, "fields": {"password": "pbkdf2_sha256$600000$Cg5UT3Nd7GTCSdRGfsyEbQ$35792g2hKoKja02anaQTvD3Ft4ibXUHN5XErQ08XAk8=", "last_login": "2025-08-01T10:22:31.855", "tipo": "PARTICIPANTE", "nome": "VICENZO GIOVANNI DE SOUZA MILANESI", "instituicao": "UFN", "email": "vicenzo.milanesi@ufn.edu.br", "celular": "5555991644411", "cpf": "060.250.670-07", "aceita_termo": true, "eh_avaliador": false, "is_active": true, "slug": "aa10a62a39749fa5f38410fb3f56362ef5d28dea5bc2acd7bfff6a9cac39292b"}}, {"model": "usuario.usuario", "pk": 42, "fields": {"password": "pbkdf2_sha256$600000$0M5lqMdNX4PRAhJYBLBU62$32J4vTxY7N5lhL282EPux3QdZTK9O9zpCZ78g0krurA=", "last_login": "2025-07-28T08:37:22.745", "tipo": "PARTICIPANTE", "nome": "CLAYTHON DA SILVA LUDOVICO", "instituicao": "UFN", "email": "claython.silva@ufn.edu.br", "celular": "55992140528", "cpf": "022.568.750-08", "aceita_termo": true, "eh_avaliador": false, "is_active": true, "slug": "467586fbd7f90e5cde5b6052314d4177eb521a5dbd1af6fdd5bc19709b76e1ab"}}, {"model": "usuario.usuario", "pk": 43, "fields": {"password": "pbkdf2_sha256$600000$gJ7nOG300mXxQqd2eY87WU$WhOAsbl7WWVMgeS27PEedzijm8Wn2YIYoWQ2nv5qKJE=", "last_login": "2025-07-28T08:39:45.086", "tipo": "PARTICIPANTE", "nome": "LUIZ HENRIQUE BALDISSERA GHISLERI", "instituicao": "UFN", "email": "luiz.baldissera@ufn.edu.br", "celular": "55 999595878", "cpf": "038.244.620-32", "aceita_termo": true, "eh_avaliador": false, "is_active": true, "slug": "e40b25ebf2ef9350f61038cabaebfbbd645f630a46bd0384eca516fd10bc8470"}}, {"model": "usuario.usuario", "pk": 44, "fields": {"password": "pbkdf2_sha256$600000$A6GnIxUix751cuy8YCzkkq$U+l6CiAv03GIOvxVZy8Rm8h0wfMpMYdsbTNOARjFB+M=", "last_login": "2025-07-28T08:41:19.117", "tipo": "PARTICIPANTE", "nome": "PEDRO KRONING CORREA BALEN", "instituicao": "UNIVERSIDADE FRANCISCANA", "email": "p.balen@ufn.edu.br", "celular": "55996073097", "cpf": "035.433.000-40", "aceita_termo": true, "eh_avaliador": false, "is_active": true, "slug": "1b1b19cd4629b6199c64c2cfbee4aba587ef7bb0c8e53099afacd7e8e5b3f674"}}, {"model": "usuario.usuario", "pk": 45, "fields": {"password": "pbkdf2_sha256$600000$2zC8bmZdFRAkwFsyeSmbcg$3C50iNZoKkHq8pdO0HAwIP9hDq/reQHchJqDHN632AM=", "last_login": "2025-07-28T08:42:01.744", "tipo": "PARTICIPANTE", "nome": "RIAN BESKOW FRIEDRICH", "instituicao": "UNIVERSIDADE FRANCISACANA", "email": "rianbeskowfriedrich@gmail.com", "celular": "55984537377", "cpf": "053.651.650-20", "aceita_termo": true, "eh_avaliador": false, "is_active": true, "slug": "f70ca4872bab47451345e806aa248c873841e20a00f5afc3cecb3c76af17a14d"}}, {"model": "usuario.usuario", "pk": 46, "fields": {"password": "pbkdf2_sha256$600000$znsgGsXxHAFYnPxNbeRN0W$XGHZ/h0xoPleEQgYNSOeRQ6X7Jd6IAO55SjiMoR9tcg=", "last_login": "2025-07-28T08:44:35.884", "tipo": "PARTICIPANTE", "nome": "FERNANDO TORRES MOREIRA", "instituicao": "UNIVERSIDADE FRANCISCANA", "email": "fernando.moreira@ufn.edu.br", "celular": "55991991557", "cpf": "064.686.060-71", "aceita_termo": true, "eh_avaliador": false, "is_active": true, "slug": "3d1ba2645434c30f67bcb3d93810b8f231957bf4bb1679244058b89b51ac6a6e"}}, {"model": "usuario.usuario", "pk": 47, "fields": {"password": "pbkdf2_sha256$600000$mjsnmVPTenFogf9o9qQEAD$9bHkMXHmEOvx749ompkMVy9VR3rdDsp1vEjq68sV5hU=", "last_login": "2025-07-28T09:51:55.054", "tipo": "PARTICIPANTE", "nome": "GUILHERME FRAZZON ROLIM", "instituicao": "UNIVERSIDADE FRANCISCANA", "email": "guilherme.frazzon@ufn.edu.br", "celular": "55999898742", "cpf": "058.107.760-19", "aceita_termo": true, "eh_avaliador": false, "is_active": true, "slug": "c29d011f5a613d2228715f6d6b18a626b075418c4ac9541830a3da7b0acb5a0d"}}, {"model": "usuario.usuario", "pk": 48, "fields": {"password": "pbkdf2_sha256$600000$jOrH2Agylv5O1Do3dPmRK5$9ql5esnuuNM8Y+M/+p1GLDVQkQ1MgoomoX88PnkQtBs=", "last_login": "2025-08-04T10:22:59.453", "tipo": "PARTICIPANTE", "nome": "LUIZA LEWANDOWSKI KARLEC", "instituicao": "UFN", "email": "luiza.karlec@ufn.edu.br", "celular": "55996971758", "cpf": "044.055.750-02", "aceita_termo": true, "eh_avaliador": false, "is_active": true, "slug": "7792596b36fa3ddecbecf0a447410ccb1992687380dc2592d0e0753124ce4d05"}}, {"model": "usuario.usuario", "pk": 49, "fields": {"password": "pbkdf2_sha256$600000$Oez1KamHgehDdHMyoQjtTs$E58x6aw2vf3oZdl+4oqxVqht/J4KRkWtXHus2hUZ/pM=", "last_login": "2025-07-30T18:00:18.217", "tipo": "PARTICIPANTE", "nome": "LUIZ BATISTA CARDOSO", "instituicao": "UNIVERSIDADE FRANCISCANA", "email": "luiz.bcardoso@ufn.edu.br", "celular": "55984564258", "cpf": "045.080.670-77", "aceita_termo": true, "eh_avaliador": false, "is_active": true, "slug": "3144d1eea16a75a5cf665a24a527c2014565dd3143f910f91701f554f0a7ec5b"}}, {"model": "usuario.usuario", "pk": 50, "fields": {"password": "pbkdf2_sha256$600000$jRCnYY7ReqgqCNjV51tDsG$Ck906jz/295JWwE0ZEES4m/NHLryJN/AVB8uEkMEFR4=", "last_login": "2025-07-28T19:29:22.094", "tipo": "PARTICIPANTE", "nome": "JOÃO VITOR DOS SANTOS RITTER", "instituicao": "UNIVERSIDADE FRANCISCANA", "email": "joaovritter2004@gmail.com", "celular": "55999633909", "cpf": "021.558.490-28", "aceita_termo": true, "eh_avaliador": false, "is_active": true, "slug": "68dec47b8106c64867f64e97da43dcc169eb9ed0f8b8eea34581a29bed63ec39"}}, {"model": "usuario.usuario", "pk": 51, "fields": {"password": "pbkdf2_sha256$600000$AXSbW7f60sMglDWiItyHjM$EGwBzGVnla38P86FzzgGjCmiREVQ15bfxk77D02avGA=", "last_login": "2025-07-28T19:29:55.805", "tipo": "PARTICIPANTE", "nome": "MARCELO PICOLI MORO", "instituicao": "UFN", "email": "marcelo.moro@ufn.edu.br", "celular": "55999510760", "cpf": "034.911.110-30", "aceita_termo": true, "eh_avaliador": false, "is_active": true, "slug": "fad40ef00cc7f7add021812deeff711155380ae9be3a8a2307b20e2d9dc3da6e"}}, {"model": "usuario.usuario", "pk": 52, "fields": {"password": "pbkdf2_sha256$600000$b44coasIkacvFkpLMNLOYC$MUW+4jHeZ/Ls3KeDK/xxPlG8LD7JhfWFdUz7zD5vThY=", "last_login": "2025-07-28T19:31:56.309", "tipo": "PARTICIPANTE", "nome": "WENDEL NUNES RODRIGUES", "instituicao": "UNIVERSIDADE FRANCISCANA", "email": "wendel.nunes@ufn.edu.br", "celular": "55981714666", "cpf": "043.182.590-48", "aceita_termo": true, "eh_avaliador": false, "is_active": true, "slug": "d3a815d818b5f677588bebc297a2d7a1a7093a394aae89cf44242861367c2f4d"}}, {"model": "usuario.usuario", "pk": 53, "fields": {"password": "pbkdf2_sha256$600000$8ZLzWqnJb46YGl08uQNDds$bcy/iJPb8B+nEiMs4Xb/tx/E8SLHSkE2imgGGuzTq/w=", "last_login": "2025-07-28T19:48:05.303", "tipo": "PARTICIPANTE", "nome": "ANDERSON CARVALHO DE VARGAS", "instituicao": "UNIVERSIDADE FRANCISCANA", "email": "anderson.carvalho@ufn.edu.br", "celular": "55999924858", "cpf": "040.729.550-00", "aceita_termo": true, "eh_avaliador": false, "is_active": true, "slug": "f14259b572b5e09981a9d071403168be72a300ab8f633332eeaa12b7d5c5337e"}}, {"model": "usuario.usuario", "pk": 54, "fields": {"password": "pbkdf2_sha256$600000$hp9GbAK6vJHtU5AP0ob7WI$HoFYDCfIGoj2NxEDjc7CwvayNU4F5dCjCcds7n6WegI=", "last_login": "2025-07-28T19:50:02.857", "tipo": "PARTICIPANTE", "nome": "LUIZ FELIPE VARGAS NUNES", "instituicao": "UFN", "email": "lfvargasnunes@gmail.com", "celular": "55 996124512", "cpf": "034.676.760-14", "aceita_termo": true, "eh_avaliador": false, "is_active": true, "slug": "00d38b880818304ed0119befbaf2719c4d0fa809e372fed32ce92b01e1adac71"}}, {"model": "usuario.usuario", "pk": 55, "fields": {"password": "pbkdf2_sha256$600000$90qGClEQq3rk89vdMB2jN5$YjhBW5rhdFXfKwZ5gSLklTZp6qNO2Z0v5R8ptN7PUeo=", "last_login": "2025-07-31T20:33:35.489", "tipo": "PARTICIPANTE", "nome": "GUILHERME LONDERO DE SOUZA", "instituicao": "UFN", "email": "londero.guilherme@ufn.edu.br", "celular": "55981140051", "cpf": "035.539.500-21", "aceita_termo": true, "eh_avaliador": false, "is_active": true, "slug": "4639e739826079dd45a52c30f96430dc9a4485b46ddd30520afdbbdb7725c89c"}}, {"model": "usuario.usuario", "pk": 56, "fields": {"password": "pbkdf2_sha256$600000$xRoMyYeIwCpVUq0Kt1J6P9$MEEJ4SlJ1jBdmLZTQx6Ia2GFBNsva84Tup3JL2dLDF0=", "last_login": "2025-07-28T20:07:18.957", "tipo": "PARTICIPANTE", "nome": "GABRIEL LORENZONI TARRAGÔ", "instituicao": "UFN", "email": "gabriellorenzoni13@gmail.com", "celular": "55 996928655", "cpf": "043.888.400-09", "aceita_termo": true, "eh_avaliador": false, "is_active": true, "slug": "4749d7d54ec676677d426fb38e3808f704ddc26611a877890b3bf109df560ab9"}}, {"model": "usuario.usuario", "pk": 57, "fields": {"password": "pbkdf2_sha256$600000$IfuREOpqK1jAvQHvQHrxhV$IXVIY2UW/RPf8WoZU8oNED+hkLXsjg9/sktfe1nR+e0=", "last_login": "2025-07-29T07:52:56.446", "tipo": "PARTICIPANTE", "nome": "WILSON DIAS DEBUS", "instituicao": "UNIVERSIDADE FRANCISCANA", "email": "wilson.ddebus@ufn.edu.br", "celular": "55999071109", "cpf": "042.849.450-17", "aceita_termo": true, "eh_avaliador": false, "is_active": true, "slug": "ef91d5dfdeef45f9b3d95785e10c5c42c1cb154f9a9b7f82fa5790af10e6619d"}}, {"model": "usuario.usuario", "pk": 58, "fields": {"password": "pbkdf2_sha256$600000$cpu8UwdU1RlVe9AnSMnBGf$9k/nxkLQq3ThDSsVO+dXfy7wYVbI6ku8in8LSGriIDA=", "last_login": "2025-08-03T17:06:50.131", "tipo": "PARTICIPANTE", "nome": "LEONARDO TEIXEIRA GOMES", "instituicao": "UNIVERSIDADE FRANCISCANA", "email": "leotgomes2007@gmail.com", "celular": "55992094146", "cpf": "046.823.070-02", "aceita_termo": true, "eh_avaliador": false, "is_active": true, "slug": "d60b04788d45c335af02cf334f15db8e36b9b00c77299465d56a6085d0fffd0f"}}, {"model": "usuario.usuario", "pk": 59, "fields": {"password": "pbkdf2_sha256$600000$sgDuTLosTQuvjQXUKQ15fX$tOk3v1CZTlcDUtPSSgIAPrWm1rxNkdxYXh0MBgplRb0=", "last_login": "2025-08-04T00:50:40.723", "tipo": "PARTICIPANTE", "nome": "PIETRO BRUM ANTUNES", "instituicao": "UNIVERSIDADE FRANCISCANA", "email": "tompar1805@gmail.com", "celular": "55996981039", "cpf": "034.146.830-40", "aceita_termo": true, "eh_avaliador": false, "is_active": true, "slug": "62224a536d756fba727c9e3bf3497dc4f81e697ab7d850a908ea8bb548a5dffc"}}, {"model": "usuario.usuario", "pk": 60, "fields": {"password": "pbkdf2_sha256$600000$R4K3No0qYeJSjZuJEm8O8O$sOJ854yrNeqOow/57ddQiHaRKCb4toH5xQGXMx+4dzs=", "last_login": "2025-07-30T07:48:45.243", "tipo": "PARTICIPANTE", "nome": "HENRIQUE FLORES HIEMER", "instituicao": "UNIVERSIDADE FRANCISCANA", "email": "henriquehiemer@gmail.com", "celular": "55999347491", "cpf": "037.326.450-02", "aceita_termo": true, "eh_avaliador": false, "is_active": true, "slug": "85ea9b737da9ca58267155dfc7abb2645462995639d03dcb0038a612b0a1182e"}}, {"model": "usuario.usuario", "pk": 61, "fields": {"password": "pbkdf2_sha256$600000$1rwPPv8KUwq09b7sbRA24a$SCfn15jOuAFHOWM7u4pmBYDo87GMrEUUgw9BiF+bS6k=", "last_login": "2025-07-30T07:52:24.906", "tipo": "PARTICIPANTE", "nome": "HENRIQUE FLORES HIEMER", "instituicao": "UNIVERSIDADE FRANCISCANA", "email": "h.hiemer@ufn.edu.br", "celular": "55999347491", "cpf": "037.326.450-02", "aceita_termo": true, "eh_avaliador": false, "is_active": true, "slug": "6e0d2a61b8beae040606d1f5276ff8a9a5c4ee38c9291ae6966ef8e6a64e6581"}}, {"model": "usuario.usuario", "pk": 62, "fields": {"password": "pbkdf2_sha256$600000$tfCgWEXySm5HdV2o2Gd274$vG3iSv2Foa7IXuO4fr2UapP1lgUNkT+sLdrBgnk6qJw=", "last_login": "2025-07-30T23:39:40.908", "tipo": "PARTICIPANTE", "nome": "GABRIEL MORAIS BRAGANHOLO", "instituicao": "UNIVERSIDADE FRANCISCANA", "email": "gabrielmbraganholo@gmail.com", "celular": "55997069764", "cpf": "054.744.380-36", "aceita_termo": true, "eh_avaliador": false, "is_active": true, "slug": "7e7c06c16aa1676f773126819ef17bdbeba747e638c46c3f0a55d2202f63d492"}}, {"model": "usuario.usuario", "pk": 63, "fields": {"password": "pbkdf2_sha256$600000$u9TgYXchEdDJnkXkNpkM1Z$IIDH73VaXA2PKGFE6PlvZcSldBCm1/yJMQFTbUtw6f0=", "last_login": "2025-07-30T08:08:58.780", "tipo": "PARTICIPANTE", "nome": "DAVI DOS SANTOS SAVEGNAGO", "instituicao": "UFN", "email": "davi.savegnago@ufn.edu.br", "celular": "55996932160", "cpf": "023.588.960-12", "aceita_termo": true, "eh_avaliador": false, "is_active": true, "slug": "6445e97f233cbbb8f8b7d11096262bdca1906ba8139c2a931c885ec5bcbb59b0"}}, {"model": "usuario.usuario", "pk": 64, "fields": {"password": "pbkdf2_sha256$600000$I1uz8NxrS6PUwhys0kM0mO$Bc7+TB8zrqQFLVrg+DRZy2EjCbd1fqrRvZuzeIfIdbo=", "last_login": null, "tipo": "PARTICIPANTE", "nome": "CAMILLE DA SILVA RODRIGUES", "instituicao": "UFN", "email": "camilledsrodrigues@ufn.edu.br", "celular": "55981413277", "cpf": "053.327.550-40", "aceita_termo": true, "eh_avaliador": false, "is_active": true, "slug": "84499cfc9f77768080e65679b78dc0be9e29b1a1b57dc7823d7fda9a8289b1a7"}}, {"model": "usuario.usuario", "pk": 65, "fields": {"password": "pbkdf2_sha256$600000$ik2qPUBYj7UWizCm1WeDuT$0TjBPntSeeZTIDfOL25nvkH0O9X3qg3Go5IPIGF/TEo=", "last_login": "2025-07-30T20:19:30.946", "tipo": "PARTICIPANTE", "nome": "CAMILLE DA SILVA RODRIGUES", "instituicao": "UFN", "email": "camilledsrodrigues@gmail.com", "celular": "55981413277", "cpf": "053.327.550-40", "aceita_termo": true, "eh_avaliador": false, "is_active": true, "slug": "4b3f9b09d189e08497a26b65223f67b9fbab4907bcc1fcd791bfc878da824141"}}, {"model": "usuario.usuario", "pk": 66, "fields": {"password": "pbkdf2_sha256$600000$vJbxcTNAgfiQiGjhe87SBn$tfuxSP8Iqxm53PRj3HWnDujJgeGD4Psw6JqMMnEJ/OQ=", "last_login": "2025-07-31T12:05:50.912", "tipo": "PARTICIPANTE", "nome": "LUIZ MIGUEL TOLLER MARCONATTO", "instituicao": "UFN", "email": "luizmigueltoller@gmail.com", "celular": "55981518081", "cpf": "038.567.542-96", "aceita_termo": true, "eh_avaliador": false, "is_active": true, "slug": "6a04fd1487ea2adce71eaff0534f3bec2bed0f239b821c4a1e65da8274722bd0"}}, {"model": "usuario.usuario", "pk": 67, "fields": {"password": "pbkdf2_sha256$600000$XPwyGcpWV7CRnpI2aaSOk7$COQteS5fn+nMFGcQj+eOOuIFL9i0C7FKErptLXCoOD8=", "last_login": "2025-07-31T10:22:27.243", "tipo": "PARTICIPANTE", "nome": "LEONARDO VASCONCELOS CORREA", "instituicao": "UNIVERSIDADE FRANCISCANA", "email": "leonardo.vasconcelos@ufn.edu.br", "celular": "55999241026", "cpf": "037.831.330-41", "aceita_termo": true, "eh_avaliador": false, "is_active": true, "slug": "7c3a6503bea3c7904ce9063c1a446b3f78f355275dc29d0852e5cf5afe5ff468"}}, {"model": "usuario.usuario", "pk": 68, "fields": {"password": "pbkdf2_sha256$600000$1TJ2RpsoTXE2z3EcJp7r12$3zuHWbrsyqmzISMiee/bjcz3h1YQ72F/Q2DDit1ZlNM=", "last_login": "2025-08-01T09:56:19.207", "tipo": "PARTICIPANTE", "nome": "BERNARDO KRASSMANN", "instituicao": "UFN", "email": "bekrassmann@gmail.com", "celular": "55991066876", "cpf": "034.164.490-02", "aceita_termo": true, "eh_avaliador": false, "is_active": true, "slug": "4782edb3957eda8e2e33b5aebe2961a72bf6bf87619e2ba18881ac936b5bf6c7"}}, {"model": "usuario.usuario", "pk": 69, "fields": {"password": "pbkdf2_sha256$600000$GaC1uBFO9cpNtZ57HQLfu4$HyCNVo8LBB7KOS8eDB/6M8N6Um4H8SakfwpagpxosdY=", "last_login": null, "tipo": "PARTICIPANTE", "nome": "FARES MAHMUD", "instituicao": "UFN", "email": "fares13mahmud@outlook.com", "celular": "55999123383", "cpf": "034.561.810-60", "aceita_termo": true, "eh_avaliador": false, "is_active": false, "slug": "21233fdb298e29f279814bd750d5b728807bd412f268dc4e43e56f31e0e4a291"}}, {"model": "usuario.usuario", "pk": 70, "fields": {"password": "pbkdf2_sha256$600000$ywXYigBUQzLf6QO9p5u5J9$Wp+CMaXLcdYWNyME6VhutPnrJp0uSwjXLpNezm9ijvM=", "last_login": "2025-08-04T11:11:58.374", "tipo": "PARTICIPANTE", "nome": "MARCELI MACHADO VIEIRA", "instituicao": "UNIVERSIDADE FRANCISCANA", "email": "marceli.vieira@ufn.edu.br", "celular": "55996294659", "cpf": "041.854.700-96", "aceita_termo": true, "eh_avaliador": false, "is_active": true, "slug": "c40da98d21d80be620f449962b8893feba3cd7dc59257eb3f53f6bce311cdfca"}}, {"model": "usuario.usuario", "pk": 71, "fields": {"password": "pbkdf2_sha256$600000$TfZ0Lrjo8c9qNf34NRlRva$V0uuNQ1L0Xh+qmi+++zvnLlRQ3zLH+bk499x70JAn7A=", "last_login": "2025-08-04T12:29:46.497", "tipo": "PARTICIPANTE", "nome": "KETERSON DA COSTA MILLA", "instituicao": "UNIVERSIDADE FRANCISCANA", "email": "keterson.costa@ufn.edu.br", "celular": "55984471519", "cpf": "050.544.500-09", "aceita_termo": true, "eh_avaliador": false, "is_active": true, "slug": "11f84683d8e458e15f248ea8fbc5bb51031bb2e93bbfacec477c472b4cfac3c7"}}]